Day,Len,State,Dem,GOP,Ind,Date,Pollster
210.5,10,Alabama,36,58,,Aug-02,Morning Consult-10
187.5,8,Alabama,41,55,,Jul-09,Auburn U. at Montgomery-8
36,3,Alabama,38,58,,Feb-06,Mason-Dixon-3
205.5,2,Alaska,44,50,,Jul-24,PPP-2
189.5,2,Alaska,45,48,,Jul-08,PPP-2
182,15,Alaska,48,49,,Jul-07,Alaska Survey Research-15
272,5,Arizona,50,46,,Sep-30,Suffolk U.-5
270.5,6,Arizona,49,45,,Sep-29,Strategies 360-6
268.5,4,Arizona,47,44,,Sep-26,Redfield and Wilton Strategies-4
261.5,6,Arizona,48,49,,Sep-20,Langer Research-6
258,5,Arizona,47,42,,Sep-16,Redfield and Wilton Strategies-5
258,7,Arizona,47,46,,Sep-17,Ipsos-7
257,5,Arizona,48,46,,Sep-15,Monmouth U.-5
256.5,6,Arizona,49,40,,Sep-15,Siena Coll.-6
254,3,Arizona,47,44,,Sep-11,YouGov-3
253,3,Arizona,52,42,,Sep-10,OH Predictive Insights-3
249.5,16,Arizona,45,40,,Sep-13,Kaiser/Cook-16
246.5,12,Arizona,48,47,,Sep-08,Benenson Strategy/GS Strategy-12
245.5,6,Arizona,48,43,,Sep-04,Redfield and Wilton Strategies-6
243.5,4,Arizona,49,40,,Sep-01,Fox News-4
238.5,10,Arizona,52,42,,Aug-30,Morning Consult-10
230,3,Arizona,47,38,,Aug-18,Redfield and Wilton Strategies-3
222,3,Arizona,53,47,,Aug-10,Emerson Coll.-3
216.5,2,Arizona,49,45,,Aug-04,OH Predictive Insights-2
203.5,10,Arizona,49,42,,Jul-26,Morning Consult-10
203,5,Arizona,46,38,,Jul-23,Redfield and Wilton Strategies-5
203,7,Arizona,49,45,,Jul-24,SSRS-7
200,9,Arizona,50,45,,Jul-22,Marist Coll.-9
199.5,2,Arizona,49,45,,Jul-18,PPP-2
190.5,4,Arizona,46,46,,Jul-10,YouGov-4
188.5,2,Arizona,49,44,,Jul-07,OH Predictive Insights-2
167.5,4,Arizona,43,39,,Jun-17,Redfield and Wilton Strategies-4
166,3,Arizona,49,45,,Jun-15,Civiqs-3
164,9,Arizona,48,41,,Jun-16,Siena Coll.-9
152.5,4,Arizona,46,42,,Jun-02,Fox News-4
141,5,Arizona,47,45,,May-22,High Ground Inc.-5
133,5,Arizona,45,41,,May-14,Redfield and Wilton Strategies-5
131,3,Arizona,50,43,,May-11,OH Predictive Insights-3
98.5,2,Arizona,52,43,,Apr-08,OH Predictive Insights-2
72.5,4,Arizona,46,43,,Mar-14,Monmouth U.-4
72.5,6,Arizona,47,46,,Mar-15,Marist Coll.-6
68.5,6,Arizona,50,42,,Mar-11,Latino Decisions-6
63.5,2,Arizona,49,43,,Mar-04,OH Predictive Insights-2
62.5,2,Arizona,48,47,,Mar-03,PPP-2
44,5,Arizona,42,46,,Feb-15,Climate Nexus-5
3,3,Arizona,46,46,,Jan-04,PPP-3
161.5,2,Arkansas,45,47,,Jun-10,Hendrix Coll.-2
271,3,California,59,32,,Sep-28,SurveyUSA-3
264,3,California,62,28,,Sep-21,Redfield and Wilton Strategies-3
256,7,California,67,28,,Sep-15,U. of Calif. at Berkeley-7
252.5,10,California,60,31,,Sep-13,Public Policy Inst. of Calif.-10
225,1,California,56,28,,Aug-12,SurveyUSA-1
222,1,California,61,25,,Aug-09,Redfield and Wilton Strategies-1
206,7,California,67,28,,Jul-27,U.C. Berkeley-7
142.5,10,California,57,33,,May-26,Public Policy Inst. of Calif.-10
139.5,2,California,58,30,,May-19,SurveyUSA-2
129.5,2,California,65,35,,May-09,Emerson Coll.-2
88.5,2,California,67,29,,Mar-29,PPP-2
58.5,8,California,62,26,,Mar-02,AtlasIntel-8
58,3,California,59,31,,Feb-28,YouGov-3
55,5,California,60,35,,Feb-26,SSRS-5
53.5,6,California,58,31,,Feb-25,U. of California-6
45.5,4,California,57,37,,Feb-16,SurveyUSA-4
39,15,California,60,30,,Feb-15,YouGov-15
15,3,California,59,35,,Jan-16,SurveyUSA-3
246,7,Colorado,50,40,,Sep-05,Fabrizio Ward/Hart Research-7
238.5,10,Colorado,51,41,,Aug-30,Morning Consult-10
205.5,2,Colorado,54,41,,Jul-24,PPP-2
203.5,10,Colorado,52,39,,Jul-26,Morning Consult-10
181.5,2,Colorado,56,39,,Jun-30,PPP-2
130,5,Colorado,53,40,,May-11,Global Strategy-5
105.5,10,Colorado,53,35,,Apr-19,Montana State U.-10
48,5,Colorado,46,43,,Feb-19,Climate Nexus-5
142.5,6,Connecticut,52,32,,May-24,SurveyUSA-6
123,5,Connecticut,56,33,,May-04,Quinnipiac U.-5
89,11,Connecticut,47,34,,Apr-03,Sacred Heart U.-11
63.5,18,Connecticut,52,36,,Mar-12,Sacred Heart U.-18
2,1,D.C.,93,4,,Jan-02,Election 2016-1
234.5,2,Delaware,58,37,,Aug-22,PPP-2
17.5,4,Delaware,56,40,,Jan-19,Gonzales Research-4
274.5,2,Florida,47,42,,Oct-01,Siena Coll.-2
268,3,Florida,48,43,,Sep-25,Redfield and Wilton Strategies-3
265.5,2,Florida,50,47,,Sep-22,St. Pete polls-2
261.5,6,Florida,47,51,,Sep-20,Langer Research-6
260.5,4,Florida,48,46,,Sep-18,YouGov-4
257.5,6,Florida,47,47,,Sep-16,Ipsos-6
257,3,Florida,47,44,,Sep-14,Redfield and Wilton Strategies-3
255.5,2,Florida,50,50,,Sep-12,Florida Atlantic U.-2
255.5,4,Florida,50,45,,Sep-13,Monmouth U.-4
251.5,2,Florida,50,47,,Sep-08,St. Pete polls-2
249.5,16,Florida,43,42,,Sep-13,Kaiser/Cook-16
247.5,10,Florida,48,46,,Sep-08,Benenson Strategy/GS Strategy-10
247,7,Florida,48,48,,Sep-06,Marist Coll.-7
245,5,Florida,47,44,,Sep-03,Redfield and Wilton Strategies-5
243,5,Florida,48,45,,Sep-01,Quinnipiac U.-5
238.5,10,Florida,49,47,,Aug-30,Morning Consult-10
236.5,6,Florida,50,43,,Aug-26,Opinium-6
234.5,2,Florida,48,44,,Aug-22,PPP-2
229,1,Florida,49,41,,Aug-16,Redfield and Wilton Strategies-1
204,3,Florida,43,43,,Jul-23,Zogby Analytics-3
203.5,4,Florida,50,46,,Jul-23,Mason Dixon-4
203.5,10,Florida,49,46,,Jul-26,Morning Consult-10
203,7,Florida,51,46,,Jul-24,SSRS-7
202,3,Florida,48,41,,Jul-21,Redfield and Wilton Strategies-3
200,5,Florida,51,38,,Jul-20,Quinnipiac U.-5
195.5,2,Florida,50,44,,Jul-14,St. Pete polls-2
190.5,4,Florida,48,42,,Jul-10,YouGov-4
173.5,4,Florida,49,40,,Jun-23,Fox News-4
166.5,2,Florida,45,41,,Jun-15,Redfield and Wilton Strategies-2
165,11,Florida,47,41,,Jun-18,Siena Coll.-11
162,3,Florida,51,40,,Jun-11,TIPP-3
147.5,2,Florida,48,47,,May-27,St. Pete Polls-2
145,13,Florida,47,44,,May-30,Cygnal-13
133,5,Florida,45,43,,May-14,Redfield and Wilton Strategies-5
131,5,Florida,53,47,,May-12,Florida Atlantic U.-5
110.5,4,Florida,46,43,,Apr-21,Fox News-4
109,5,Florida,46,42,,Apr-20,Quinnipiac U.-5
107.5,2,Florida,48,48,,Apr-17,St. Pete Polls-2
93,5,Florida,46,40,,Apr-04,U. of North Florida-5
75,3,Florida,45,45,,Mar-16,AtlasIntel-3
69,7,Florida,45,48,,Mar-12,Latino Decisions-7
66,3,Florida,49,51,,Mar-07,Florida Atlantic U.-3
45,9,Florida,49,48,,Feb-18,U. of North Florida-9
10.5,4,Florida,51,49,,Jan-12,Florida Atlantic U.-4
271.5,4,Georgia,50,47,,Sep-29,Civiqs-4
269,5,Georgia,50,47,,Sep-27,Quinnipiac U.-5
268.5,4,Georgia,45,44,,Sep-26,Redfield and Wilton Strategies-4
267.5,4,Georgia,46,47,,Sep-25,YouGov-4
263,5,Georgia,46,48,,Sep-21,Monmouth U.-5
262.5,6,Georgia,45,45,,Sep-21,Siena Coll.-6
259.5,10,Georgia,47,47,,Sep-20,U. of Georgia-10
258,5,Georgia,45,46,,Sep-16,Redfield and Wilton Strategies-5
246,7,Georgia,47,46,,Sep-05,Fabrizio Ward/Hart Research-7
238.5,10,Georgia,49,46,,Aug-30,Morning Consult-10
238,11,Georgia,52,46,,Aug-30,HarrisX-11
237.5,2,Georgia,47,46,,Aug-25,PPP-2
220,3,Georgia,46,44,,Aug-08,SurveyUSA-3
211.5,4,Georgia,46,45,,Jul-31,YouGov-4
207,5,Georgia,47,48,,Jul-27,Monmouth U.-5
205.5,2,Georgia,46,45,,Jul-24,PPP-2
203.5,10,Georgia,47,46,,Jul-26,Morning Consult-10
177.5,2,Georgia,49,45,,Jun-26,PPP-2
173.5,4,Georgia,47,45,,Jun-23,Fox News-4
164.5,2,Georgia,48,46,,Jun-13,PPP-2
145,7,Georgia,40,44,,May-27,TargetSmart-7
138,3,Georgia,48,47,,May-18,Civiqs-3
117,3,Georgia,44,45,,Apr-27,Cygnal-3
58.5,8,Georgia,43,51,,Mar-02,U. of Georgia-8
2,1,Hawaii,65,28,,Jan-02,Election 2016-1
2,1,Idaho,29,58,,Jan-02,Election 2016-1
268.5,4,Illinois,53,40,,Sep-26,Victory Research-4
210.5,10,Indiana,38,55,,Aug-02,Morning Consult-10
143,3,Indiana,39,49,,May-23,Victoria Research-3
102.5,4,Indiana,39,52,,Apr-13,Change Research-4
268.5,4,Iowa,48,46,,Sep-26,RABA Research-4
264,5,Iowa,46,49,,Sep-22,Monmouth U.-5
263,7,Iowa,45,42,,Sep-22,Siena Coll.-7
259.5,4,Iowa,47,47,,Sep-17,Selzer-4
246,7,Iowa,45,47,,Sep-05,Fabrizio Ward/Hart Research-7
214,5,Iowa,46,48,,Aug-03,Monmouth U.-5
210.5,4,Iowa,40,41,,Jul-30,RMG Research-4
205.5,2,Iowa,47,48,,Jul-24,PPP-2
160.5,4,Iowa,43,44,,Jun-10,Selzer-4
159,3,Iowa,46,46,,Jun-08,Civiqs-3
155.5,2,Iowa,47,48,,Jun-04,PPP-2
121.5,2,Iowa,46,48,,May-01,PPP-2
63.5,4,Iowa,41,51,,Mar-05,Selzer-4
21.5,4,Iowa,44,46,,Jan-23,Siena Coll.-4
271.5,4,Kansas,42,52,,Sep-29,Civiqs-4
220,5,Kansas,41,48,,Aug-09,SurveyUSA-5
218.5,2,Kansas,43,50,,Aug-06,PPP-2
152,3,Kansas,40,52,,Jun-01,Civiqs-3
70.5,2,Kansas,40,52,,Mar-11,PPP-2
33.5,8,Kansas,43,51,,Feb-06,DFM Research-8
256,5,Kentucky,38,58,,Sep-14,Quinnipiac U.-5
214,5,Kentucky,41,50,,Aug-03,Quinnipiac U.-5
210.5,10,Kentucky,35,59,,Aug-02,Morning Consult-10
166,3,Kentucky,37,57,,Jun-15,Civiqs-3
143.5,4,Kentucky,36,53,,May-24,RMG Research-4
135.5,2,Kentucky,39,55,,May-15,PPP-2
2,1,Louisiana,38,58,,Jan-02,Election 2016-1
264,7,Maine,50,39,,Sep-23,Colby Coll.-7
262.5,4,Maine,51,39,,Sep-20,Suffolk U.-4
257.5,6,Maine,55,38,,Sep-16,Siena Coll.-6
256,5,Maine,59,38,,Sep-14,Quinnipiac U.-5
246,7,Maine,54,40,,Sep-05,Fabrizio Ward/Hart Research-7
216,13,Maine,45,38,,Aug-09,Critical Insights-13
214,5,Maine,52,37,,Aug-03,Quinnipiac U.-5
212,7,Maine,50,39,,Aug-02,RMG Research-7
205.5,2,Maine,53,42,,Jul-24,PPP-2
203,7,Maine,50,38,,Jul-24,Colby College-7
184.5,2,Maine,53,42,,Jul-03,PPP-2
62.5,2,Maine,52,42,,Mar-03,PPP-2
251.5,8,Maryland,62,30,,Sep-11,OpinionWorks-8
142,5,Maryland,59,35,,May-23,Gonzales Research-5
47,7,Maryland,60,35,,Feb-19,Goucher Coll.-7
239,3,Massachusetts,69,31,,Aug-27,Emerson Coll.-3
220.5,4,Massachusetts,63,27,,Aug-09,MassINC-4
216.5,8,Massachusetts,61,28,,Aug-07,YouGov-8
200.5,4,Massachusetts,55,23,,Jul-20,MassINC-4
126.5,2,Massachusetts,67,33,,May-06,Emerson Coll.-2
120,5,Massachusetts,58,30,,May-01,U. of Mass.-5
96.5,4,Massachusetts,69,31,,Apr-07,Emerson Coll.-4
274.5,2,Michigan,50,44,,Oct-01,PPP-2
268.5,4,Michigan,51,42,,Sep-26,Redfield and Wilton Strategies-4
265,5,Michigan,52,44,,Sep-23,Marist Coll.-5
260.5,6,Michigan,46,41,,Sep-19,Marketing Resource Grp.-6
259.5,12,Michigan,51,45,,Sep-21,YouGov-12
259,15,Michigan,50,42,,Sep-22,Baldwin Wallace U.-15
257.5,6,Michigan,49,44,,Sep-16,Ipsos-6
257,3,Michigan,49,39,,Sep-14,Redfield and Wilton Strategies-3
257,5,Michigan,53,42,,Sep-15,Civiqs-5
256.5,6,Michigan,48,40,,Sep-15,EPIC-MRA-6
246.5,2,Michigan,53,44,,Sep-03,Pulse Opinion Research-2
246.5,12,Michigan,50,43,,Sep-08,Benenson Strategy/GS Strategy-12
246,3,Michigan,47,42,,Sep-03,Glengariff Group-3
245,5,Michigan,51,40,,Sep-03,Redfield and Wilton Strategies-5
241.5,2,Michigan,48,44,,Aug-29,PPP-2
238.5,10,Michigan,52,42,,Aug-30,Morning Consult-10
230,3,Michigan,50,38,,Aug-18,Redfield and Wilton Strategies-3
228,5,Michigan,49,46,,Aug-17,Civiqs-5
214,11,Michigan,47,43,,Aug-06,YouGov-11
210.5,2,Michigan,49,43,,Jul-29,PPP-2
209.5,6,Michigan,51,40,,Jul-30,EPIC-MRA-6
204.5,4,Michigan,48,42,,Jul-24,YouGov-4
203.5,6,Michigan,49,37,,Jul-24,Redfield and Wilton Strategies-6
203.5,10,Michigan,52,42,,Jul-26,Morning Consult-10
203,7,Michigan,52,40,,Jul-24,SSRS-7
201,3,Michigan,49,40,,Jul-20,Fox News-3
191.5,2,Michigan,51,44,,Jul-10,PPP-2
178.5,2,Michigan,50,44,,Jun-27,PPP-2
167,3,Michigan,47,36,,Jun-16,Redfield and Wilton Strategies-3
164.5,10,Michigan,47,36,,Jun-17,Siena Coll.-10
162.5,4,Michigan,51,38,,Jun-12,TIPP-4
155.5,8,Michigan,50,35,,Jun-07,Kiaer Research-8
153,5,Michigan,53,41,,Jun-03,EPIC-MRA-5
150.5,2,Michigan,50,44,,May-30,PPP-2
139.5,2,Michigan,51,45,,May-19,PPP-2
133,5,Michigan,47,39,,May-14,Redfield and Wilton Strategies-5
119.5,2,Michigan,50,42,,Apr-29,PPP-2
111.5,2,Michigan,51,44,,Apr-21,PPP-2
110.5,4,Michigan,49,41,,Apr-21,Fox News-4
108.5,6,Michigan,46,38,,Apr-20,Ipsos-6
81,9,Michigan,47,42,,Mar-25,Baldwin Wallace U.-9
78,5,Michigan,44,41,,Mar-20,Marketing Resource-5
68,3,Michigan,44,46,,Mar-09,AtlasIntel-3
67,3,Michigan,45,41,,Mar-08,YouGov-3
66.5,4,Michigan,48,41,,Mar-08,Monmouth U.-4
46.5,10,Michigan,46,43,,Feb-20,YouGov-10
46,7,Michigan,47,43,,Feb-18,Quinnipiac U.-7
43,13,Michigan,43,43,,Feb-18,Expedition Strategies-13
10.5,4,Michigan,50,44,,Jan-12,EPIC-MRA-4
5,5,Michigan,50,43,,Jan-07,Glengariff-5
266,3,Minnesota,48,42,,Sep-23,Mason Dixon-3
266,5,Minnesota,47,40,,Sep-24,Suffolk U.-5
258.5,6,Minnesota,51,42,,Sep-17,Redfield and Wilton Strategies-6
254.5,6,Minnesota,57,41,,Sep-13,Langer Research-6
254,3,Minnesota,50,41,,Sep-11,YouGov-3
253,3,Minnesota,50,41,,Sep-10,Siena Coll.-3
252.5,10,Minnesota,48,44,,Sep-13,Morning Consult-10
249.5,4,Minnesota,49,40,,Sep-07,SurveyUSA-4
247.5,2,Minnesota,52,44,,Sep-04,PPP-2
238.5,10,Minnesota,50,43,,Aug-30,Morning Consult-10
222,3,Minnesota,51,49,,Aug-10,Emerson Coll.-3
204.5,2,Minnesota,52,42,,Jul-23,PPP-2
203.5,10,Minnesota,47,44,,Jul-26,Morning Consult-10
201,3,Minnesota,51,38,,Jul-20,Fox News-3
140,3,Minnesota,49,44,,May-20,Mason-Dixon Polling-3
58,3,Mississippi,41,56,,Feb-28,Mason-Dixon-3
260.5,2,Missouri,45,53,,Sep-17,Missouri Scout-2
246,3,Missouri,44,49,,Sep-03,We Ask America-3
179,9,Missouri,43,50,,Jul-01,YouGov-9
147.5,2,Missouri,44,48,,May-27,We Ask America-2
57.5,2,Missouri,42,52,,Feb-27,Remington Research-2
259,3,Montana,42,49,,Sep-16,Siena Coll.-3
246,7,Montana,43,50,,Sep-05,Fabrizio Ward/Hart Research-7
214,3,Montana,42,53,,Aug-02,Emerson Coll.-3
205.5,2,Montana,45,50,,Jul-24,PPP-2
194,3,Montana,45,49,,Jul-13,Civiqs-3
191.5,2,Montana,42,51,,Jul-10,PPP-2
173.5,10,Montana,38,52,,Jun-26,U. of Montana-10
109.5,18,Montana,40,45,,Apr-27,Montana State U.-18
48,11,Montana,34,46,,Feb-22,U. of Montana-11
2,1,Nebraska,33,61,,Jan-02,Election 2016-1
265.5,4,Nevada,52,41,,Sep-23,Fox News-4
261.5,16,Nevada,46,41,,Sep-25,U. of Nevada-16
253,3,Nevada,46,42,,Sep-10,Siena Coll.-3
238,11,Nevada,44,39,,Aug-30,U. of Nevada-11
51,3,Nevada,44,41,,Feb-21,AtlasIntel-3
6.5,4,Nevada,47,39,,Jan-08,Fox News-4
274.5,2,New Hampshire,53,45,,Oct-01,Emerson Coll.-2
270,5,New Hampshire,53,44,,Sep-28,U. of New Hampshire-5
268,3,New Hampshire,56,42,,Sep-25,Pulse Opinion Research-3
265,9,New Hampshire,53,44,,Sep-25,U. of Mass.-9
253.5,4,New Hampshire,45,42,,Sep-11,Siena Coll.-4
229,3,New Hampshire,51,43,,Aug-17,St. Anselm Coll.-3
204,13,New Hampshire,53,40,,Jul-28,U. of New Hampshire-13
172,5,New Hampshire,52,39,,Jun-22,U. of New Hampshire-5
166.5,4,New Hampshire,49,42,,Jun-16,St. Anselm College-4
137,5,New Hampshire,44,46,,May-18,U. of New Hampshire-5
116,5,New Hampshire,50,42,,Apr-27,St. Anselm College-5
53,7,New Hampshire,44,46,,Feb-25,U. of New Hampshire-7
40,3,New Hampshire,44,46,,Feb-10,AtlasIntel-3
21.5,4,New Hampshire,51,43,,Jan-23,Marist Coll.-4
249.5,4,New Jersey,58,40,,Sep-07,Emerson Coll.-4
222,9,New Jersey,52,33,,Aug-13,DKC Analytics-9
191.5,6,New Jersey,51,33,,Jul-12,DKC Analytics-6
123,5,New Jersey,54,35,,May-04,Quinnipiac U.-5
118,11,New Jersey,56,33,,May-02,Rutgers-Eagleton-11
108.5,4,New Jersey,54,38,,Apr-19,Monmouth U.-4
45,5,New Jersey,53,35,,Feb-16,Fairleigh Dickinson U.-5
242.5,8,New Mexico,54,39,,Sep-02,Research and Polling-8
164.5,2,New Mexico,53,39,,Jun-13,PPP-2
111.5,2,New Mexico,52,40,,Apr-21,PPP-2
4.5,4,New Mexico,54,46,,Jan-06,Emerson Coll.-4
272,3,New York,61,29,,Sep-29,Siena Coll.-3
234.5,2,New York,63,32,,Aug-22,PPP-2
176,3,New York,57,32,,Jun-25,Siena Coll.-3
140,5,New York,57,32,,May-21,Siena Coll.-5
123,5,New York,55,32,,May-04,Quinnipiac U.-5
112,5,New York,65,29,,Apr-23,Siena Coll.-5
84,5,New York,58,33,,Mar-26,Siena Coll.-5
49,5,New York,55,36,,Feb-20,Siena Coll.-5
268.5,4,North Carolina,47,45,,Sep-26,Redfield and Wilton Strategies-4
267.5,4,North Carolina,48,46,,Sep-25,YouGov-4
265.5,8,North Carolina,48,49,,Sep-25,U. of Mass.-8
264,5,North Carolina,46,45,,Sep-22,Meredith Coll.-5
262.5,4,North Carolina,44,45,,Sep-20,Harper Polling-4
261,3,North Carolina,51,49,,Sep-18,Emerson Coll.-3
257.5,4,North Carolina,47,45,,Sep-15,Redfield and Wilton Strategies-4
257.5,6,North Carolina,45,44,,Sep-16,Siena Coll.-6
257.5,6,North Carolina,47,47,,Sep-16,Ipsos-6
256.5,4,North Carolina,47,43,,Sep-14,Suffolk U.-4
255,5,North Carolina,47,47,,Sep-13,SurveyUSA-5
255,5,North Carolina,49,46,,Sep-13,SSRS-5
251.5,2,North Carolina,48,49,,Sep-08,Pulse Opinion Research-2
249.5,16,North Carolina,45,43,,Sep-13,Kaiser/Cook-16
246.5,12,North Carolina,48,48,,Sep-08,Benenson Strategy/GS Strategy-12
245,5,North Carolina,43,44,,Sep-03,Redfield and Wilton Strategies-5
243.5,4,North Carolina,48,46,,Sep-01,Monmouth U.-4
243.5,4,North Carolina,50,46,,Sep-01,Fox News-4
242.5,2,North Carolina,47,49,,Aug-30,East Carolina U.-2
238.5,10,North Carolina,49,47,,Aug-30,Morning Consult-10
231.5,10,North Carolina,49,46,,Aug-23,Morning Consult-10
229.5,2,North Carolina,44,46,,Aug-17,Redfield and Wilton Strategies-2
225.5,2,North Carolina,47,47,,Aug-13,East Carolina U.-2
222,3,North Carolina,49,51,,Aug-10,Emerson Coll.-3
221,5,North Carolina,45,44,,Aug-10,Harper Polling-5
219.5,2,North Carolina,47,48,,Aug-07,Pulse Opinion Research-2
212.5,2,North Carolina,49,46,,Jul-31,PPP-2
211.5,4,North Carolina,48,44,,Jul-31,YouGov-4
205.5,2,North Carolina,49,46,,Jul-24,PPP-2
204,3,North Carolina,44,40,,Jul-23,Zogby Analytics-3
203.5,10,North Carolina,47,47,,Jul-26,Morning Consult-10
202,3,North Carolina,43,42,,Jul-21,Redfield and Wilton Strategies-3
200,9,North Carolina,51,44,,Jul-22,Marist Coll.-9
189.5,2,North Carolina,50,46,,Jul-08,PPP-2
175.5,4,North Carolina,45,44,,Jun-25,East Carolina U.-4
174.5,2,North Carolina,48,46,,Jun-23,PPP-2
173.5,4,North Carolina,47,45,,Jun-23,Fox News-4
167.5,4,North Carolina,46,40,,Jun-17,Redfield and Wilton Strategies-4
165,11,North Carolina,49,40,,Jun-18,Siena Coll.-11
154.5,2,North Carolina,49,45,,Jun-03,PPP-2
148,3,North Carolina,44,47,,May-28,Harper Polling-3
137.5,10,North Carolina,42,42,,May-21,Neighborhood Research and Media-10
133,5,North Carolina,45,43,,May-14,Redfield and Wilton Strategies-5
132,5,North Carolina,47,47,,May-13,Meeting Street Insights-5
129,3,North Carolina,43,46,,May-09,East Carolina University-3
124,3,North Carolina,49,46,,May-04,Civiqs-3
118.5,2,North Carolina,47,40,,Apr-28,Meredith College-2
115.5,4,North Carolina,50,45,,Apr-26,SurveyUSA-4
111.5,2,North Carolina,49,46,,Apr-21,PPP-2
105.5,2,North Carolina,48,47,,Apr-15,PPP-2
97,3,North Carolina,42,49,,Apr-07,Harper Polling-3
58.5,2,North Carolina,48,46,,Feb-28,East Carolina U.-2
56,5,North Carolina,45,49,,Feb-27,Marist Coll.-5
48,5,North Carolina,46,44,,Feb-19,Climate Nexus-5
45.5,4,North Carolina,45,49,,Feb-16,WRAL-TV-4
45.5,4,North Carolina,49,45,,Feb-16,SurveyUSA-4
64,3,North Dakota,38,55,,Mar-05,DFM Research-3
30,5,North Dakota,38,57,,Feb-01,DFM Research-5
275,3,Ohio,47,47,,Oct-02,YouGov-3
265.5,4,Ohio,50,45,,Sep-23,Fox News-4
263,5,Ohio,48,47,,Sep-21,Quinnipiac U.-5
259,15,Ohio,45,44,,Sep-22,Baldwin Wallace U.-15
257,5,Ohio,45,48,,Sep-15,Civiqs-5
245.5,2,Ohio,51,47,,Sep-02,Pulse Opinion Research-2
238.5,10,Ohio,45,50,,Aug-30,Morning Consult-10
228,5,Ohio,47,47,,Aug-17,Civiqs-5
213,7,Ohio,47,46,,Aug-03,TargetSmart-7
204.5,4,Ohio,45,46,,Jul-24,YouGov-4
204,3,Ohio,43,41,,Jul-23,Zogby Analytics-3
203.5,10,Ohio,45,48,,Jul-26,Morning Consult-10
197.5,2,Ohio,50,46,,Jul-16,Pulse Opinion Research-2
186.5,22,Ohio,46,42,,Jul-15,U. of Akron-22
172,5,Ohio,46,45,,Jun-22,Quinnipiac U.-5
152.5,4,Ohio,45,43,,Jun-02,Fox News-4
130,3,Ohio,49,51,,May-10,Emerson Coll.-3
113.5,6,Ohio,45,44,,Apr-25,Baldwin Wallace U.-6
81,9,Ohio,43,47,,Mar-25,Baldwin Wallace U.-9
72.5,6,Ohio,49,45,,Mar-15,Marist Coll.-6
249,7,Oklahoma,35,60,,Sep-08,Sooner Poll-7
155.5,2,Oklahoma,36,55,,Jun-04,Amber Integrated-2
66.5,4,Oklahoma,33,57,,Mar-08,Amber Integrated-4
42.5,4,Oklahoma,34,62,,Feb-13,Cole Hargrave Snodgrass-4
271.5,4,Oregon,56,39,,Sep-29,Civiqs-4
249.5,6,Oregon,51,39,,Sep-08,DHM Research-6
275,3,Pennsylvania,49,42,,Oct-02,Siena Coll.-3
275,3,Pennsylvania,51,44,,Oct-02,YouGov-3
270,3,Pennsylvania,49,40,,Sep-27,Siena Coll.-3
269,3,Pennsylvania,50,45,,Sep-26,TIPP-3
268,3,Pennsylvania,50,44,,Sep-25,Redfield and Wilton Strategies-3
267.5,6,Pennsylvania,54,45,,Sep-26,Langer Research-6
265.5,4,Pennsylvania,51,44,,Sep-23,Fox News-4
261,7,Pennsylvania,48,42,,Sep-20,Franklin+Marshall Coll.-7
259.5,12,Pennsylvania,49,45,,Sep-21,YouGov-12
259,15,Pennsylvania,47,45,,Sep-22,Baldwin Wallace U.-15
257.5,6,Pennsylvania,49,46,,Sep-16,Ipsos-6
257,3,Pennsylvania,49,44,,Sep-14,Redfield and Wilton Strategies-3
257,5,Pennsylvania,52,45,,Sep-15,Civiqs-5
253.5,4,Pennsylvania,48,43,,Sep-11,Climate Nexus-4
248.5,4,Pennsylvania,51,44,,Sep-06,TargetSmart-4
247.5,8,Pennsylvania,53,44,,Sep-07,Marist Coll.-8
246.5,12,Pennsylvania,49,46,,Sep-08,Benenson Strategy/GS Strategy-12
245,5,Pennsylvania,48,43,,Sep-03,Redfield and Wilton Strategies-5
243,5,Pennsylvania,52,44,,Sep-01,Quinnipiac U.-5
242.5,4,Pennsylvania,49,46,,Aug-31,Monmouth U.-4
239,3,Pennsylvania,48,48,,Aug-27,Pulse Opinion Research-3
238.5,10,Pennsylvania,49,45,,Aug-30,Morning Consult-10
233,7,Pennsylvania,49,42,,Aug-23,Franklin+Marshall Coll.-7
229.5,2,Pennsylvania,48,41,,Aug-17,Redfield and Wilton Strategies-2
228,5,Pennsylvania,51,44,,Aug-17,Civiqs-5
227,7,Pennsylvania,49,45,,Aug-17,Muhlenberg Coll.-7
222,3,Pennsylvania,53,47,,Aug-10,Emerson Coll.-3
218.5,4,Pennsylvania,49,43,,Aug-07,YouGov-4
205,7,Pennsylvania,50,41,,Jul-26,Franklin+Marshall Coll.-7
204,3,Pennsylvania,44,43,,Jul-23,Zogby Analytics-3
203.5,10,Pennsylvania,50,42,,Jul-26,Morning Consult-10
202,3,Pennsylvania,48,41,,Jul-21,Redfield and Wilton Strategies-3
201,3,Pennsylvania,50,39,,Jul-20,Fox News-3
197.5,2,Pennsylvania,51,46,,Jul-16,Pulse Opinion Research-2
193,5,Pennsylvania,52,42,,Jul-13,Monmouth U.-5
167,3,Pennsylvania,49,39,,Jun-16,Redfield and Wilton Strategies-3
164,9,Pennsylvania,50,40,,Jun-16,Siena Coll.-9
133,5,Pennsylvania,48,39,,May-14,Redfield and Wilton Strategies-5
114.5,6,Pennsylvania,49,43,,Apr-26,Harper Polling-6
111.5,2,Pennsylvania,51,44,,Apr-21,PPP-2
110.5,4,Pennsylvania,50,42,,Apr-21,Fox News-4
108.5,6,Pennsylvania,46,40,,Apr-20,Ipsos-6
81,9,Pennsylvania,45,46,,Mar-25,Baldwin Wallace U.-9
67,3,Pennsylvania,46,40,,Mar-08,YouGov-3
47,9,Pennsylvania,47,47,,Feb-20,Muhlenberg Coll.-9
46.5,10,Pennsylvania,46,45,,Feb-20,YouGov-10
46,7,Pennsylvania,50,42,,Feb-18,Quinnipiac U.-7
43,13,Pennsylvania,47,42,,Feb-18,Expedition Strategies-13
2,1,Rhode Island,55,40,,Jan-02,Election 2016-1
269,5,South Carolina,47,48,,Sep-27,Quinnipiac U.-5
267.5,4,South Carolina,42,52,,Sep-25,YouGov-4
259.5,10,South Carolina,44,50,,Sep-20,Morning Consult-10
256,5,South Carolina,45,51,,Sep-14,Quinnipiac U.-5
214,5,South Carolina,42,47,,Aug-03,Quinnipiac U.-5
210.5,10,South Carolina,44,49,,Aug-02,Morning Consult-10
145.5,4,South Carolina,42,52,,May-26,Civiqs-4
60.5,4,South Carolina,48,52,,Mar-02,Emerson Coll.-4
57.5,4,South Carolina,42,48,,Feb-28,AtlasIntel-4
32,3,South Carolina,40,52,,Feb-02,East Carolina U.-3
2,1,South Dakota,32,62,,Jan-02,Election 2016-1
134.5,18,Tennessee,42,51,,May-22,SSRS-18
117.5,10,Tennessee,36,53,,May-01,East Tennessee State U.-10
29,3,Tennessee,39,55,,Jan-30,Mason-Dixon-3
269.5,2,Texas,48,48,,Sep-26,PPP-2
265.5,8,Texas,46,50,,Sep-25,U. of Mass.-8
263,5,Texas,45,50,,Sep-21,Quinnipiac U.-5
263,7,Texas,43,46,,Sep-22,Siena Coll.-7
260.5,4,Texas,46,48,,Sep-18,YouGov-4
245.5,2,Texas,47,48,,Sep-02,PPP-2
243.5,6,Texas,46,48,,Sep-02,U. of Texas-6
238.5,10,Texas,47,48,,Aug-30,Morning Consult-10
234.5,2,Texas,48,47,,Aug-22,PPP-2
221.5,10,Texas,41,48,,Aug-13,YouGov-10
210.5,10,Texas,47,46,,Aug-02,Morning Consult-10
203.5,10,Texas,47,45,,Jul-26,Morning Consult-10
200,5,Texas,45,44,,Jul-20,Quinnipiac U.-5
190.5,4,Texas,45,46,,Jul-10,YouGov-4
185,9,Texas,48,43,,Jul-07,U. of Texas-9
176.5,2,Texas,48,46,,Jun-25,PPP-2
176,11,Texas,44,48,,Jun-29,YouGov-11
173.5,4,Texas,45,44,,Jun-23,Fox News-4
170.5,2,Texas,46,48,,Jun-19,PPP-2
155.5,2,Texas,48,48,,Jun-04,PPP-2
151,5,Texas,43,44,,Jun-01,Quinnipiac U.-5
130,3,Texas,48,52,,May-10,Emerson Coll.-3
118.5,2,Texas,47,46,,Apr-28,PPP-2
113.5,10,Texas,43,43,,Apr-27,U. of Texas-10
105.5,10,Texas,44,49,,Apr-19,YouGov-10
58.5,8,Texas,43,47,,Mar-02,AtlasIntel-8
56,5,Texas,45,49,,Feb-27,Marist Coll.-5
55,5,Texas,48,47,,Feb-26,SSRS-5
52.5,10,Texas,44,45,,Feb-26,U. of Texas-10
35.5,10,Texas,43,47,,Feb-09,YouGov-10
25.5,10,Texas,44,46,,Jan-30,U. of Texas-10
18.5,6,Texas,40,54,,Jan-21,Data for Progress-6
14.5,10,Texas,46,51,,Jan-19,Texas Lyceum-10
253.5,6,Utah,35,53,,Sep-12,RMG Research-6
211.5,6,Utah,31,50,,Aug-01,RMG Research-6
133,7,Utah,41,44,,May-15,Y2 Analytics-7
85.5,10,Utah,41,46,,Mar-30,Y2 Analytics-10
18.5,8,Utah,31,49,,Jan-22,RMG Research-8
253,13,Vermont,56,32,,Sep-15,Braun Research-13
259,13,Virginia,48,43,,Sep-21,Christopher Newport U.-13
246,11,Virginia,53,39,,Sep-07,Virginia Commonwealth U.-11
228.5,14,Virginia,53,39,,Aug-22,Roanoke Coll.-14
203.5,10,Virginia,52,41,,Jul-26,Morning Consult-10
197,9,Virginia,50,39,,Jul-19,Virginia Commonwealth U.-9
130.5,14,Virginia,51,39,,May-16,Roanoke Coll.-14
92,15,Virginia,51,41,,Apr-08,Virginia Commonwealth U.-15
57.5,4,Virginia,45,38,,Feb-28,Hampton University-4
44.5,10,Virginia,48,40,,Feb-18,Roanoke Coll.-10
255,7,Washington,58,36,,Sep-14,Strategies 360-7
206.5,6,Washington,62,28,,Jul-27,SurveyUSA-6
140.5,2,Washington,59,37,,May-20,PPP-2
138.5,4,Washington,57,31,,May-19,SurveyUSA-4
94,7,Washington,52,39,,Apr-06,EMC Research-7
65,3,Washington,57,34,,Mar-06,SurveyUSA-3
2,1,West Virginia,27,69,,Jan-02,Election 2016-1
269,5,Wisconsin,48,43,,Sep-27,Redfield and Wilton Strategies-5
266,5,Wisconsin,54,44,,Sep-24,Marist Coll.-5
259.5,12,Wisconsin,50,46,,Sep-21,YouGov-12
259,15,Wisconsin,50,41,,Sep-22,Baldwin Wallace U.-15
258,5,Wisconsin,47,41,,Sep-16,Redfield and Wilton Strategies-5
257.5,6,Wisconsin,48,43,,Sep-16,Ipsos-6
257,5,Wisconsin,51,44,,Sep-15,Civiqs-5
255,5,Wisconsin,52,42,,Sep-13,SSRS-5
254.5,6,Wisconsin,52,46,,Sep-13,Langer Research-6
253,3,Wisconsin,48,43,,Sep-10,Siena Coll.-3
251,3,Wisconsin,51,44,,Sep-08,Emerson Coll.-3
249.5,10,Wisconsin,50,43,,Sep-10,Morning Consult-10
247,3,Wisconsin,50,44,,Sep-04,YouGov-3
246.5,12,Wisconsin,50,45,,Sep-08,Benenson Strategy/GS Strategy-12
245.5,2,Wisconsin,51,43,,Sep-02,Pulse Opinion Research-2
245.5,6,Wisconsin,50,41,,Sep-04,Redfield and Wilton Strategies-6
245,5,Wisconsin,48,44,,Sep-03,Marquette Law School-5
243.5,4,Wisconsin,50,42,,Sep-01,Fox News-4
238.5,10,Wisconsin,52,43,,Aug-30,Morning Consult-10
237.5,8,Wisconsin,53,40,,Aug-28,Opinium-8
230.5,4,Wisconsin,49,39,,Aug-19,Redfield and Wilton Strategies-4
228,5,Wisconsin,51,45,,Aug-17,Civiqs-5
224.5,10,Wisconsin,49,43,,Aug-16,Morning Consult-10
219.5,6,Wisconsin,50,46,,Aug-09,Marquette Law School-6
218.5,2,Wisconsin,55,43,,Aug-06,Pulse Opinion Research-2
218.5,4,Wisconsin,48,42,,Aug-07,YouGov-4
203.5,6,Wisconsin,45,35,,Jul-24,Redfield and Wilton Strategies-6
203.5,10,Wisconsin,50,43,,Jul-26,Morning Consult-10
168.5,6,Wisconsin,45,36,,Jun-19,Redfield and Wilton Strategies-6
168,5,Wisconsin,51,42,,Jun-18,Marquette Law School-5
163.5,8,Wisconsin,49,38,,Jun-15,Siena Coll.-8
152.5,4,Wisconsin,49,40,,Jun-02,Fox News-4
133,5,Wisconsin,48,38,,May-14,Redfield and Wilton Strategies-5
126,5,Wisconsin,46,43,,May-07,Marquette Law School-5
111.5,2,Wisconsin,50,45,,Apr-21,PPP-2
108.5,6,Wisconsin,43,40,,Apr-20,Ipsos-6
86.5,6,Wisconsin,48,45,,Mar-29,Marquette Law School-6
81,9,Wisconsin,45,45,,Mar-25,Baldwin Wallace U.-9
70.5,2,Wisconsin,48,45,,Mar-11,PPP-2
67,3,Wisconsin,44,42,,Mar-08,YouGov-3
52,5,Wisconsin,46,46,,Feb-23,Marquette Law School-5
46.5,10,Wisconsin,45,43,,Feb-20,YouGov-10
46,7,Wisconsin,42,49,,Feb-18,Quinnipiac U.-7
43,13,Wisconsin,42,44,,Feb-18,Expedition Strategies-13
10,5,Wisconsin,49,45,,Jan-12,Marquette Law School-5
6.5,4,Wisconsin,46,41,,Jan-08,Fox News-4
2,1,Wyoming,23,70,,Jan-02,Election 2016-1
