Day,Len,State,EV,Dem,GOP,Ind,Date,,,,,,,,Pollster
335.0,1,Alabama,9,35,63,02,Dec 01,,,,,,,,2016 Election results-1
307.0,7,Alabama,9,36,54,06,Nov 06,,,,,,,,SurveyMonkey-7
300.0,7,Alabama,9,36,54,06,Oct 30,,,,,,,,SurveyMonkey-7
295.0,9,Alabama,9,36,52,08,Oct 26,,,,,,,,SurveyMonkey-9
293.0,7,Alabama,9,37,51,08,Oct 23,,,,,,,,SurveyMonkey-7
232.5,24,Alabama,9,31,53,08,Sep 01,,,,,,,,SurveyMonkey-24
136.0,31,Alabama,9,33,52,,May 31,,,,,,,,Morning Consult-31
 46.0,29,Alabama,9,31,53,,Feb 29,,,,,,,,Morning Consult-29
  1.0,1,Alabama,9,38,61,,Jan 01,,,,,,,,Election 2012-1
335.0,1,Alaska,3,38,53,06,Dec 01,,,,,,,,2016 Election results-1
307.0,7,Alaska,3,31,47,13,Nov 06,,,,,,,,SurveyMonkey-7
300.0,7,Alaska,3,39,47,11,Oct 30,,,,,,,,SurveyMonkey-7
296.5,6,Alaska,3,47,43,07,Oct 26,,,,,,,,Craciun Research-6
273.0,5,Alaska,3,31,36,18,Oct 02,,,,,,,,Alaska Survey Research-5
232.5,24,Alaska,3,31,38,19,Sep 01,,,,,,,,SurveyMonkey-24
136.0,31,Alaska,3,32,53,,May 31,,,,,,,,Morning Consult-31
 46.0,29,Alaska,3,33,48,,Feb 29,,,,,,,,Morning Consult-29
  1.0,1,Alaska,3,42,55,,Jan 01,,,,,,,,Election 2012-1
335.0,1,Arizona,11,45,50,04,Dec 01,,,,,,,,2016 Election results-1
304.0,3,Arizona,11,40,45,09,Nov 01,,,,,,,,Marist Coll.-3
303.0,3,Arizona,11,43,47,02,Oct 31,,,,,,,,Emerson Coll.-3
302.5,6,Arizona,11,44,49,05,Nov 01,,,,,,,,Opinion Research-6
300.0,3,Arizona,11,42,44,04,Oct 28,,,,,,,,YouGov-3
300.0,3,Arizona,11,42,44,04,Oct 28,,,,,,,,YouGov-3
300.0,7,Arizona,11,43,43,08,Oct 30,,,,,,,,SurveyMonkey-7
295.5,4,Arizona,11,45,46,04,Oct 24,,,,,,,,Monmouth U.-4
287.0,1,Arizona,11,39,37,08,Oct 14,,,,,,,,HighGround-1
285.5,6,Arizona,11,43,38,07,Oct 15,,,,,,,,Arizona State U.-6
285.0,9,Arizona,11,41,44,10,Oct 16,,,,,,,,SurveyMonkey-9
276.0,3,Arizona,11,44,42,09,Oct 04,,,,,,,,Emerson Coll.-3
272.0,3,Arizona,11,42,42,05,Sep 30,,,,,,,,OH Predictive Insights-3
250.0,3,Arizona,11,38,40,12,Sep 08,,,,,,,,Marist Coll.-3
239.0,1,Arizona,11,40,44,08,Aug 27,,,,,,,,Gravis-1
239.0,3,Arizona,11,43,46,,Aug 28,,,,,,,,PPP-3
238.0,3,Arizona,11,40,39,07,Aug 27,,,,,,,,OH Predictive Insights-3
236.0,15,Arizona,11,35,34,07,Aug 31,,,,,,,,Arizona State U.-15
232.5,6,Arizona,11,38,45,12,Aug 23,,,,,,,,Opinion Research-6
232.5,24,Arizona,11,37,39,13,Sep 01,,,,,,,,SurveyMonkey-24
215.5,4,Arizona,11,42,44,05,Aug 05,,,,,,,,YouGov-4
213.0,1,Arizona,11,45,42,04,Aug 01,,,,,,,,OH Predictive Insights-1
173.5,2,Arizona,11,40,44,,Jun 23,,,,,,,,PPP-2
171.0,1,Arizona,11,47,42,,Jun 20,,,,,,,,OH Predictive Insights-1
136.0,31,Arizona,11,38,46,,May 31,,,,,,,,Morning Consult-31
134.0,3,Arizona,11,38,40,,May 15,,,,,,,,PPP-3
 97.5,8,Arizona,11,42,35,,Apr 11,,,,,,,,Behavior Research Center-8
 68.0,5,Arizona,11,38,38,,Mar 11,,,,,,,,Merrill/West Group-5
 46.0,29,Arizona,11,39,46,,Feb 29,,,,,,,,Morning Consult-29
  1.0,1,Arizona,11,44,54,,Jan 01,,,,,,,,Election 2012-1
335.0,1,Arkansas,6,34,60,03,Dec 01,,,,,,,,2016 Election results-1
307.0,7,Arkansas,6,34,55,06,Nov 06,,,,,,,,SurveyMonkey-7
300.0,7,Arkansas,6,37,53,05,Oct 30,,,,,,,,SurveyMonkey-7
294.5,8,Arkansas,6,36,59,,Oct 25,,,,,,,,U. of Arkansas-8
294.0,1,Arkansas,6,33,56,04,Oct 21,,,,,,,,Hendrix Coll.-1
259.0,3,Arkansas,6,34,55,03,Sep 17,,,,,,,,Hendrix Coll.-3
254.0,5,Arkansas,6,29,57,05,Sep 13,,,,,,,,Emerson Coll.-5
232.5,24,Arkansas,6,37,46,11,Sep 01,,,,,,,,SurveyMonkey-24
172.0,1,Arkansas,6,36,47,,Jun 21,,,,,,,,Hendrix Coll.-1
136.0,31,Arkansas,6,37,47,,May 31,,,,,,,,Morning Consult-31
 46.0,29,Arkansas,6,38,47,,Feb 29,,,,,,,,Morning Consult-29
  1.0,1,Arkansas,6,37,61,,Jan 01,,,,,,,,Election 2012-1
335.0,1,California,55,61,34,03,Dec 01,,,,,,,,2016 Election results-1
307.0,7,California,55,56,30,07,Nov 06,,,,,,,,SurveyMonkey-7
302.5,4,California,55,56,35,04,Oct 31,,,,,,,,SurveyUSA-4
301.0,7,California,55,53,33,04,Oct 31,,,,,,,,Field Poll-7
300.0,7,California,55,55,30,07,Oct 30,,,,,,,,SurveyMonkey-7
299.0,9,California,55,54,30,04,Oct 30,,,,,,,,USC-9
291.5,10,California,55,54,28,05,Oct 23,,,,,,,,Public Policy Inst. of Calif.-10
287.0,3,California,55,56,30,04,Oct 15,,,,,,,,SurveyUSA-3
283.0,7,California,55,61,25,04,Oct 13,,,,,,,,Sacramento State-7
270.5,2,California,55,59,33,03,Sep 28,,,,,,,,SurveyUSA-2
256.5,10,California,55,47,31,10,Sep 18,,,,,,,,Public Policy Inst. of Calif.-10
253.0,7,California,55,50,33,05,Sep 13,,,,,,,,YouGov-7
252.5,4,California,55,57,32,03,Sep 11,,,,,,,,SurveyUSA-4
247.5,8,California,55,49,29,11,Sep 08,,,,,,,,Los Angeles Times-8
247.5,8,California,55,49,29,11,Sep 08,,,,,,,,SurveyMonkey-8
232.5,24,California,55,49,28,12,Sep 01,,,,,,,,SurveyMonkey-24
195.5,10,California,55,46,30,07,Jul 19,,,,,,,,Public Policy Inst. of Calif.-10
171.0,25,California,55,50,26,10,Jul 02,,,,,,,,Field Poll-25
152.5,4,California,55,48,33,,Jun 03,,,,,,,,YouGov-4
150.0,3,California,55,55,31,,May 31,,,,,,,,Marist Coll.-3
148.5,6,California,55,53,34,,May 31,,,,,,,,Field Poll-6
145.0,13,California,55,56,30,,May 31,,,,,,,,LA Times-13
140.5,4,California,55,52,38,,May 22,,,,,,,,SurveyUSA-4
137.5,10,California,55,49,39,,May 22,,,,,,,,Public Policy Inst. of Calif.-10
136.0,31,California,55,52,32,,May 31,,,,,,,,Morning Consult-31
130.0,13,California,55,45,33,04,May 16,,,,,,,,Hoover Institution-13
118.5,4,California,55,56,34,,Apr 30,,,,,,,,SurveyUSA-4
 91.0,5,California,55,60,26,,Apr 03,,,,,,,,SurveyUSA-5
 88.5,12,California,55,59,31,,Apr 04,,,,,,,,Field Poll-12
 78.5,8,California,55,57,30,,Mar 23,,,,,,,,LA Times-8
 46.0,29,California,55,53,32,,Feb 29,,,,,,,,Morning Consult-29
  1.0,1,California,55,59,38,,Jan 01,,,,,,,,Election 2012-1
335.0,1,Colorado,9,47,45,05,Dec 01,,,,,,,,2016 Election results-1
307.5,2,Colorado,9,48,43,04,Nov 04,,,,,,,,PPP-2
307.0,7,Colorado,9,43,39,11,Nov 06,,,,,,,,SurveyMonkey-7
303.0,3,Colorado,9,39,39,05,Oct 31,,,,,,,,Ciruli Assoc.-3
302.5,4,Colorado,9,44,41,08,Oct 31,,,,,,,,Emerson Coll.-4
300.0,3,Colorado,9,42,39,07,Oct 28,,,,,,,,YouGov-3
300.0,7,Colorado,9,44,39,11,Oct 30,,,,,,,,SurveyMonkey-7
293.5,8,Colorado,9,44,34,09,Oct 24,,,,,,,,U. of Colorado Boulder-8
286.0,7,Colorado,9,45,37,10,Oct 16,,,,,,,,Quinnipiac U.-7
285.0,9,Colorado,9,44,37,12,Oct 16,,,,,,,,SurveyMonkey-9
273.5,4,Colorado,9,49,38,07,Oct 02,,,,,,,,Monmouth U.-4
270.5,2,Colorado,9,46,40,06,Sep 28,,,,,,,,PPP-2
265.5,6,Colorado,9,41,42,13,Sep 25,,,,,,,,Opinion Research-6
265.0,3,Colorado,9,40,39,07,Sep 23,,,,,,,,YouGov-3
260.0,9,Colorado,9,44,42,10,Sep 21,,,,,,,,Quinnipiac U.-9
259.0,5,Colorado,9,41,34,12,Sep 18,,,,,,,,CMU-RMPBS-5
254.0,5,Colorado,9,38,42,13,Sep 13,,,,,,,,Emerson Coll.-5
232.5,24,Colorado,9,37,37,16,Sep 01,,,,,,,,SurveyMonkey-24
224.5,8,Colorado,9,41,33,16,Aug 16,,,,,,,,Quinnipiac U.-8
219.0,7,Colorado,9,41,29,15,Aug 10,,,,,,,,Marist Coll.-7
191.5,4,Colorado,9,37,28,13,Jul 12,,,,,,,,Anderson Robbins + Shaw-4
191.5,4,Colorado,9,48,35,05,Jul 12,,,,,,,,Monmouth U.-4
189.0,7,Colorado,9,39,33,13,Jul 11,,,,,,,,Marist Coll.-7
188.5,2,Colorado,9,43,41,,Jul 08,,,,,,,,Gravis-2
173.5,4,Colorado,9,40,39,,Jun 24,,,,,,,,YouGov-4
136.0,31,Colorado,9,45,37,,May 31,,,,,,,,Morning Consult-31
 46.0,29,Colorado,9,44,39,,Feb 29,,,,,,,,Morning Consult-29
  1.0,1,Colorado,9,51,47,,Jan 01,,,,,,,,Election 2012-1
335.0,1,Connecticut,7,54,42,03,Dec 01,,,,,,,,2016 Election results-1
307.0,7,Connecticut,7,51,37,07,Nov 06,,,,,,,,SurveyMonkey-7
300.0,7,Connecticut,7,51,39,04,Oct 30,,,,,,,,SurveyMonkey-7
246.5,4,Connecticut,7,50,35,09,Sep 05,,,,,,,,Emerson Coll.-4
232.5,24,Connecticut,7,44,33,12,Sep 01,,,,,,,,SurveyMonkey-24
154.0,5,Connecticut,7,41,36,06,Jun 05,,,,,,,,Quinnipiac U.-5
136.0,31,Connecticut,7,45,40,,May 31,,,,,,,,Morning Consult-31
100.5,2,Connecticut,7,48,40,,Apr 11,,,,,,,,Emerson Coll.-2
 46.0,29,Connecticut,7,47,36,,Feb 29,,,,,,,,Morning Consult-29
  1.0,1,Connecticut,7,58,40,,Jan 01,,,,,,,,Election 2012-1
335.0,1,D.C.,3,93,4,02,Dec 01,,,,,,,,2016 Election results-1
307.0,7,D.C.,3,88,7,02,Nov 06,,,,,,,,SurveyMonkey-7
300.0,7,D.C.,3,87,4,04,Oct 30,,,,,,,,SurveyMonkey-7
136.0,31,D.C.,3,66,20,,May 31,,,,,,,,Morning Consult-31
 46.0,29,D.C.,3,70,17,,Feb 29,,,,,,,,Morning Consult-29
  1.0,1,D.C.,3,91,7,,Jan 01,,,,,,,,Election 2012-1
335.0,1,Delaware,3,53,42,03,Dec 01,,,,,,,,2016 Election results-1
307.0,7,Delaware,3,49,39,07,Nov 06,,,,,,,,SurveyMonkey-7
300.0,7,Delaware,3,51,38,06,Oct 30,,,,,,,,SurveyMonkey-7
265.0,13,Delaware,3,51,30,07,Sep 28,,,,,,,,U. of Delaware-13
232.5,24,Delaware,3,43,33,12,Sep 01,,,,,,,,SurveyMonkey-24
203.0,5,Delaware,3,42,32,,Jul 24,,,,,,,,Fairleigh Dickinson U.-5
136.0,31,Delaware,3,45,39,,May 31,,,,,,,,Morning Consult-31
 46.0,29,Delaware,3,47,38,,Feb 29,,,,,,,,Morning Consult-29
  1.0,1,Delaware,3,59,40,,Jan 01,,,,,,,,Election 2012-1
335.0,1,Florida,29,48,49,02,Dec 01,,,,,,,,2016 Election results-1
309.5,2,Florida,29,48,46,03,Nov 06,,,,,,,,Opinion Savvy-2
308.5,4,Florida,29,46,45,02,Nov 06,,,,,,,,Quinnipiac U.-4
307.0,3,Florida,29,45,45,04,Nov 04,,,,,,,,YouGov-3
307.0,7,Florida,29,47,45,05,Nov 06,,,,,,,,SurveyMonkey-7
305.5,2,Florida,29,49,45,03,Nov 02,,,,,,,,Opinion Savvy-2
302.5,6,Florida,29,46,45,02,Nov 01,,,,,,,,Quinnipiac U.-6
302.5,6,Florida,29,49,47,03,Nov 01,,,,,,,,Opinion Research-6
300.5,6,Florida,29,48,40,03,Oct 30,,,,,,,,TargetSmart/Wm. & Mary-6
300.0,7,Florida,29,46,45,05,Oct 30,,,,,,,,SurveyMonkey-7
299.5,2,Florida,29,46,45,04,Oct 27,,,,,,,,Emerson Coll.-2
299.0,3,Florida,29,42,46,04,Oct 27,,,,,,,,Siena Coll.-3
298.5,2,Florida,29,45,44,05,Oct 26,,,,,,,,Marist Coll.-2
298.5,2,Florida,29,48,44,,Oct 26,,,,,,,,PPP-2
295.5,4,Florida,29,43,45,04,Oct 24,,,,,,,,Selzer-4
295.5,6,Florida,29,43,39,06,Oct 25,,,,,,,,U. of North Florida-6
295.0,3,Florida,29,46,43,03,Oct 23,,,,,,,,Florida Atlantic U.-3
295.0,5,Florida,29,48,45,02,Oct 24,,,,,,,,SurveyUSA-5
293.5,2,Florida,29,46,43,03,Oct 21,,,,,,,,YouGov-2
293.0,1,Florida,29,49,45,03,Oct 20,,,,,,,,Opinion Savvy-1
286.0,7,Florida,29,48,44,04,Oct 16,,,,,,,,Quinnipiac U.-7
285.5,2,Florida,29,46,42,05,Oct 13,,,,,,,,PPP-2
285.0,9,Florida,29,43,45,07,Oct 16,,,,,,,,SurveyMonkey-9
283.5,2,Florida,29,47,44,05,Oct 11,,,,,,,,Opinion Savvy-2
280.0,5,Florida,29,49,43,01,Oct 09,,,,,,,,Florida Atlantic U.-5
277.0,3,Florida,29,45,42,05,Oct 05,,,,,,,,Marist Coll.-3
276.0,3,Florida,29,44,45,04,Oct 04,,,,,,,,Emerson Coll.-3
273.5,8,Florida,29,41,38,06,Oct 04,,,,,,,,U. of Northern Florida-8
272.5,6,Florida,29,46,41,05,Oct 02,,,,,,,,Quinnipiac U.-6
271.5,2,Florida,29,47,46,04,Sep 29,,,,,,,,Opinion Savvy-2
271.0,3,Florida,29,46,42,07,Sep 29,,,,,,,,Mason Dixon-3
270.5,2,Florida,29,45,43,03,Sep 28,,,,,,,,PPP-2
263.0,3,Florida,29,44,45,03,Sep 21,,,,,,,,Suffolk U.-3
260.5,4,Florida,29,46,41,06,Sep 19,,,,,,,,Monmouth U.-4
255.0,5,Florida,29,41,40,09,Sep 14,,,,,,,,Siena Coll.-5
252.5,6,Florida,29,44,47,06,Sep 12,,,,,,,,Opinion Research-6
251.0,3,Florida,29,44,42,05,Sep 09,,,,,,,,YouGov-3
250.5,2,Florida,29,42,46,03,Sep 08,,,,,,,,JMC Analytics-2
248.0,3,Florida,29,43,44,05,Sep 06,,,,,,,,PPP-3
245.5,10,Florida,29,43,43,08,Sep 07,,,,,,,,Quinnipiac U.-10
235.0,3,Florida,29,44,42,06,Aug 24,,,,,,,,Mason Dixon-3
232.5,4,Florida,29,41,43,08,Aug 22,,,,,,,,Florida Atlantic U.-4
232.5,24,Florida,29,42,40,10,Sep 01,,,,,,,,SurveyMonkey-24
228.0,5,Florida,29,52,38,08,Aug 18,,,,,,,,Saint Leo U.-5
225.5,4,Florida,29,48,39,06,Aug 15,,,,,,,,Monmouth U.-4
223.0,3,Florida,29,45,40,05,Aug 12,,,,,,,,YouGov-3
222.0,1,Florida,29,45,44,06,Aug 10,,,,,,,,Opinion Savvy-1
219.0,7,Florida,29,41,36,09,Aug 10,,,,,,,,Marist Coll.-7
218.0,3,Florida,29,46,43,,Aug 07,,,,,,,,PPP-3
215.0,9,Florida,29,43,43,07,Aug 07,,,,,,,,Quinnipiac U.-9
214.0,3,Florida,29,43,39,04,Aug 03,,,,,,,,Suffolk U.-3
190.5,2,Florida,29,42,47,02,Jul 10,,,,,,,,JMC Analytics-2
189.0,7,Florida,29,41,36,07,Jul 11,,,,,,,,Marist Coll.-7
186.5,12,Florida,29,36,41,07,Jul 11,,,,,,,,Quinnipiac U.-12
177.0,3,Florida,29,46,42,02,Jun 27,,,,,,,,SurveyUSA-3
173.5,4,Florida,29,44,41,,Jun 24,,,,,,,,YouGov-4
164.5,12,Florida,29,42,36,07,Jun 19,,,,,,,,Quinnipiac U.-12
154.5,4,Florida,29,40,41,04,Jun 05,,,,,,,,PPP-4
152.0,3,Florida,29,45,42,,Jun 02,,,,,,,,Mason-Dixon-3
137.5,2,Florida,29,46,42,,May 18,,,,,,,,Gravis-2
137.5,4,Florida,29,43,42,,May 19,,,,,,,,YouGov-4
136.0,31,Florida,29,43,42,,May 31,,,,,,,,Morning Consult-31
122.5,12,Florida,29,43,42,,May 08,,,,,,,,Quinnipiac U.-12
 66.0,7,Florida,29,49,41,,Mar 10,,,,,,,,Marist Coll.-7
 64.0,3,Florida,29,44,45,,Mar 06,,,,,,,,SurveyUSA-3
 63.0,5,Florida,29,50,43,,Mar 06,,,,,,,,Opinion Rsearch.-5
 55.0,1,Florida,29,44,46,,Feb 24,,,,,,,,PPP-1
 46.0,29,Florida,29,43,43,,Feb 29,,,,,,,,Morning Consult-29
 33.5,8,Florida,29,45,38,,Feb 06,,,,,,,,Florida Southern Coll.-8
 16.5,4,Florida,29,44,47,,Jan 18,,,,,,,,Florida Atlantic U.-4
  1.0,1,Florida,29,50,49,,Jan 01,,,,,,,,Election 2012-1
335.0,1,Georgia,16,46,51,03,Dec 01,,,,,,,,2016 Election results-1
308.0,3,Georgia,16,43,49,04,Nov 05,,,,,,,,YouGov-3
307.0,7,Georgia,16,45,45,06,Nov 06,,,,,,,,SurveyMonkey-7
306.5,2,Georgia,16,45,49,06,Nov 03,,,,,,,,Opinion Savvy-2
304.0,3,Georgia,16,44,45,08,Nov 01,,,,,,,,Marist Coll.-3
303.0,3,Georgia,16,42,51,02,Oct 31,,,,,,,,Emerson Coll.-3
300.0,7,Georgia,16,44,46,07,Oct 30,,,,,,,,SurveyMonkey-7
299.0,3,Georgia,16,42,49,03,Oct 27,,,,,,,,SurveyUSA-3
296.0,7,Georgia,16,43,44,08,Oct 26,,,,,,,,Quinnipiac-7
293.0,1,Georgia,16,46,50,03,Oct 20,,,,,,,,Opinion Savvy-1
291.5,4,Georgia,16,42,44,09,Oct 20,,,,,,,,AbtSRBI-4
285.0,9,Georgia,16,45,41,09,Oct 16,,,,,,,,SurveyMonkey-9
264.0,3,Georgia,16,38,44,05,Sep 22,,,,,,,,JMC Analytics-3
260.0,9,Georgia,16,40,47,09,Sep 21,,,,,,,,Quinnipiac U.-9
259.5,4,Georgia,16,42,45,08,Sep 18,,,,,,,,Monmouth U.-4
257.0,1,Georgia,16,42,46,10,Sep 14,,,,,,,,Opinion Savvy-1
254.0,5,Georgia,16,39,45,06,Sep 13,,,,,,,,Emerson Coll.-5
250.0,3,Georgia,16,42,44,10,Sep 08,,,,,,,,Marist Coll.-3
232.5,24,Georgia,16,39,40,12,Sep 01,,,,,,,,SurveyMonkey-24
229.0,1,Georgia,16,43,43,11,Aug 17,,,,,,,,Opinion Savvy-1
223.0,3,Georgia,16,41,45,05,Aug 12,,,,,,,,YouGov-3
218.5,2,Georgia,16,44,37,07,Aug 07,,,,,,,,JMC Analytics-2
218.0,5,Georgia,16,39,43,08,Aug 08,,,,,,,,Gravis-5
214.5,4,Georgia,16,41,38,11,Aug 04,,,,,,,,Abt SRBI-4
211.0,3,Georgia,16,42,46,05,Jul 31,,,,,,,,SurveyUSA-3
148.5,4,Georgia,16,40,49,06,May 30,,,,,,,,PPP-4
136.0,31,Georgia,16,43,42,,May 31,,,,,,,,Morning Consult-31
135.0,1,Georgia,16,41,44,,May 15,,,,,,,,Opinion Savvy-1
130.5,4,Georgia,16,41,45,,May 12,,,,,,,,Abt SRBI-4
 53.5,2,Georgia,16,41,50,,Feb 23,,,,,,,,SurveyUSA-2
 46.0,29,Georgia,16,39,45,,Feb 29,,,,,,,,Morning Consult-29
  1.0,1,Georgia,16,45,53,,Jan 01,,,,,,,,Election 2012-1
335.0,1,Hawaii,4,65,28,04,Dec 01,,,,,,,,2016 Election results-1
307.0,7,Hawaii,4,52,29,09,Nov 06,,,,,,,,SurveyMonkey-7
300.0,7,Hawaii,4,52,31,07,Oct 30,,,,,,,,SurveyMonkey-7
232.5,24,Hawaii,4,51,25,07,Sep 01,,,,,,,,SurveyMonkey-24
136.0,31,Hawaii,4,50,31,,May 31,,,,,,,,Morning Consult-31
 46.0,29,Hawaii,4,54,29,,Feb 29,,,,,,,,Morning Consult-29
  1.0,1,Hawaii,4,71,28,,Jan 01,,,,,,,,Election 2012-1
335.0,1,Idaho,4,29,58,07,Dec 01,,,,,,,,2016 Election results-1
307.0,7,Idaho,4,29,47,07,Nov 06,,,,,,,,SurveyMonkey-7
300.0,7,Idaho,4,31,49,11,Oct 30,,,,,,,,SurveyMonkey-7
296.5,2,Idaho,4,29,48,06,Oct 24,,,,,,,,Rasmussen-2
295.0,3,Idaho,4,23,52,04,Oct 23,,,,,,,,Emerson Coll.-3
276.5,12,Idaho,4,30,40,10,Oct 09,,,,,,,,Dan Jones-12
236.5,14,Idaho,4,23,44,13,Aug 31,,,,,,,,Dan Jones-14
232.5,24,Idaho,4,25,44,19,Sep 01,,,,,,,,SurveyMonkey-24
191.5,12,Idaho,4,23,44,,Jul 16,,,,,,,,Dan Jones-12
136.0,31,Idaho,4,34,45,,May 31,,,,,,,,Morning Consult-31
 46.0,29,Idaho,4,32,51,,Feb 29,,,,,,,,Morning Consult-29
  1.0,1,Idaho,4,33,65,,Jan 01,,,,,,,,Election 2012-1
335.0,1,Illinois,20,55,39,04,Dec 01,,,,,,,,2016 Election results-1
307.0,7,Illinois,20,52,35,07,Nov 06,,,,,,,,SurveyMonkey-7
301.5,4,Illinois,20,53,41,02,Oct 30,,,,,,,,Emerson Coll.-4
300.0,7,Illinois,20,53,34,08,Oct 30,,,,,,,,SurveyMonkey-7
299.5,2,Illinois,20,45,34,06,Oct 27,,,,,,,,Loras Coll.-2
290.0,3,Illinois,20,51,36,06,Oct 18,,,,,,,,Victory Research-3
272.5,6,Illinois,20,53,28,05,Oct 02,,,,,,,,Southern Illinois U.-6
265.5,4,Illinois,20,49,35,04,Sep 24,,,,,,,,Victory Research-4
263.0,3,Illinois,20,45,39,06,Sep 21,,,,,,,,Emerson Coll.-3
257.5,4,Illinois,20,43,30,08,Sep 16,,,,,,,,Loras Coll.-4
232.5,24,Illinois,20,45,31,12,Sep 01,,,,,,,,SurveyMonkey-24
196.0,3,Illinois,20,51,34,07,Jul 16,,,,,,,,Victory Research-3
136.0,31,Illinois,20,48,35,,May 31,,,,,,,,Morning Consult-31
 46.0,29,Illinois,20,51,33,,Feb 29,,,,,,,,Morning Consult-29
  1.0,1,Illinois,20,57,41,,Jan 01,,,,,,,,Election 2012-1
335.0,1,Indiana,11,38,57,05,Dec 01,,,,,,,,2016 Election results-1
307.0,7,Indiana,11,35,52,10,Nov 06,,,,,,,,SurveyMonkey-7
306.0,3,Indiana,11,37,48,09,Nov 03,,,,,,,,Howey Politics Indiana-3
301.5,4,Indiana,11,39,50,04,Oct 30,,,,,,,,Monmouth U.-4
300.0,7,Indiana,11,37,49,11,Oct 30,,,,,,,,SurveyMonkey-7
286.0,7,Indiana,11,37,43,09,Oct 16,,,,,,,,Ball State U.-7
285.0,3,Indiana,11,41,45,09,Oct 13,,,,,,,,Monmouth U.-3
277.0,3,Indiana,11,38,43,11,Oct 05,,,,,,,,Howey Politics Indiana-3
250.0,3,Indiana,11,36,43,11,Sep 08,,,,,,,,Howey-DePauw-3
232.5,24,Indiana,11,30,46,13,Sep 01,,,,,,,,SurveyMonkey-24
226.5,4,Indiana,11,36,47,10,Aug 16,,,,,,,,Monmouth U.-4
136.0,31,Indiana,11,37,45,,May 31,,,,,,,,Morning Consult-31
117.0,3,Indiana,11,41,48,,Apr 28,,,,,,,,Marist Coll.-3
109.5,4,Indiana,11,39,47,,Apr 21,,,,,,,,Howey Politics-4
 46.0,29,Indiana,11,41,42,,Feb 29,,,,,,,,Morning Consult-29
  1.0,1,Indiana,11,44,54,,Jan 01,,,,,,,,Election 2012-1
335.0,1,Iowa,6,42,52,04,Dec 01,,,,,,,,2016 Election results-1
307.0,7,Iowa,6,37,47,09,Nov 06,,,,,,,,SurveyMonkey-7
306.5,4,Iowa,6,39,46,06,Nov 04,,,,,,,,Selzer-4
306.0,3,Iowa,6,41,44,05,Nov 03,,,,,,,,Emerson Coll.-3
306.0,3,Iowa,6,44,43,03,Nov 03,,,,,,,,Loras Coll.-3
305.5,2,Iowa,6,41,44,05,Nov 02,,,,,,,,RABA Research-2
300.0,7,Iowa,6,40,44,10,Oct 30,,,,,,,,SurveyMonkey-7
296.0,7,Iowa,6,44,44,04,Oct 26,,,,,,,,Quinnipiac-7
285.0,9,Iowa,6,40,45,10,Oct 16,,,,,,,,SurveyMonkey-9
277.5,4,Iowa,6,39,43,06,Oct 06,,,,,,,,Selzer-4
264.0,3,Iowa,6,38,38,09,Sep 22,,,,,,,,Loras Coll.-3
260.0,9,Iowa,6,37,44,10,Sep 21,,,,,,,,Quinnipiac U.-9
256.0,3,Iowa,6,37,45,08,Sep 14,,,,,,,,Monmouth U.-3
250.0,3,Iowa,6,39,40,10,Sep 08,,,,,,,,RABA Research-3
243.5,2,Iowa,6,39,44,08,Sep 01,,,,,,,,Emerson Coll.-2
242.5,2,Iowa,6,45,43,,Aug 31,,,,,,,,PPP-2
232.5,24,Iowa,6,36,40,16,Sep 01,,,,,,,,SurveyMonkey-24
230.0,3,Iowa,6,40,40,07,Aug 19,,,,,,,,YouGov-3
224.5,8,Iowa,6,41,39,12,Aug 16,,,,,,,,Quinnipiac U.-8
221.0,3,Iowa,6,36,37,06,Aug 10,,,,,,,,Suffolk U.-3
217.0,5,Iowa,6,35,35,12,Aug 07,,,,,,,,Marist Coll.-5
195.0,3,Iowa,6,39,40,03,Jul 15,,,,,,,,YouGov-3
190.5,4,Iowa,6,42,44,06,Jul 11,,,,,,,,Monmouth U.-4
188.5,2,Iowa,6,42,40,08,Jul 08,,,,,,,,Gravis-2
188.5,6,Iowa,6,37,37,07,Jul 10,,,,,,,,Marist Coll.-6
177.0,5,Iowa,6,44,31,06,Jun 28,,,,,,,,Loras Coll.-5
173.5,2,Iowa,6,41,39,,Jun 23,,,,,,,,PPP-2
162.0,5,Iowa,6,44,41,,Jun 13,,,,,,,,PPP-5
136.0,31,Iowa,6,40,40,,May 31,,,,,,,,Morning Consult-31
 46.0,29,Iowa,6,45,38,,Feb 29,,,,,,,,Morning Consult-29
  9.0,3,Iowa,6,42,42,,Jan 10,,,,,,,,PPP-3
  4.5,6,Iowa,6,48,40,,Jan 07,,,,,,,,Marist Coll.-6
  1.0,1,Iowa,6,52,47,,Jan 01,,,,,,,,Election 2012-1
335.0,1,Kansas,6,36,58,04,Dec 01,,,,,,,,2016 Election results-1
307.0,7,Kansas,6,36,48,10,Nov 06,,,,,,,,SurveyMonkey-7
306.0,3,Kansas,6,34,58,07,Nov 03,,,,,,,,Fort Hays State U.-3
301.0,5,Kansas,6,38,49,07,Oct 30,,,,,,,,SurveyUSA-5
300.0,7,Kansas,6,36,47,13,Oct 30,,,,,,,,SurveyMonkey-7
297.0,9,Kansas,6,36,47,12,Oct 28,,,,,,,,SurveyMonkey-9
286.0,5,Kansas,6,36,47,07,Oct 15,,,,,,,,SurveyUSA-5
251.5,6,Kansas,6,36,48,08,Sep 11,,,,,,,,SurveyUSA-6
232.5,24,Kansas,6,30,43,17,Sep 01,,,,,,,,SurveyMonkey-24
217.0,5,Kansas,6,39,44,08,Aug 07,,,,,,,,SurveyUSA-5
197.0,11,Kansas,6,27,44,,Jul 21,,,,,,,,Fort Hays State U.-11
190.5,4,Kansas,6,36,47,08,Jul 11,,,,,,,,SurveyUSA-4
136.0,31,Kansas,6,35,46,,May 31,,,,,,,,Morning Consult-31
 46.0,29,Kansas,6,37,43,,Feb 29,,,,,,,,Morning Consult-29
  1.0,1,Kansas,6,38,60,,Jan 01,,,,,,,,Election 2012-1
335.0,1,Kentucky,8,33,63,03,Dec 01,,,,,,,,2016 Election results-1
307.0,7,Kentucky,8,35,53,06,Nov 06,,,,,,,,SurveyMonkey-7
300.5,6,Kentucky,8,37,54,01,Oct 30,,,,,,,,Western Kentucky U.-6
300.0,3,Kentucky,8,32,56,,Oct 28,,,,,,,,Cygnal-3
300.0,7,Kentucky,8,31,59,08,Oct 30,,,,,,,,SurveyMonkey-7
232.5,24,Kentucky,8,29,52,07,Sep 01,,,,,,,,SurveyMonkey-24
136.0,31,Kentucky,8,35,49,,May 31,,,,,,,,Morning Consult-31
 46.0,29,Kentucky,8,38,46,,Feb 29,,,,,,,,Morning Consult-29
  1.0,1,Kentucky,8,38,61,,Jan 01,,,,,,,,Election 2012-1
335.0,1,Louisiana,8,38,58,02,Dec 01,,,,,,,,2016 Election results-1
307.0,7,Louisiana,8,38,52,04,Nov 06,,,,,,,,SurveyMonkey-7
300.0,7,Louisiana,8,36,54,05,Oct 30,,,,,,,,SurveyMonkey-7
293.0,3,Louisiana,8,35,50,05,Oct 21,,,,,,,,Southern Media and Opinion Research-3
291.0,3,Louisiana,8,34,54,02,Oct 19,,,,,,,,Mason Dixon-3
291.0,7,Louisiana,8,35,49,07,Oct 21,,,,,,,,U. of New Orleans-7
266.0,3,Louisiana,8,35,45,06,Sep 24,,,,,,,,JMC Analytics-3
259.0,3,Louisiana,8,33,49,08,Sep 17,,,,,,,,Opinion Research-3
232.5,24,Louisiana,8,33,49,09,Sep 01,,,,,,,,SurveyMonkey-24
136.0,31,Louisiana,8,33,51,,May 31,,,,,,,,Morning Consult-31
125.5,2,Louisiana,8,36,52,,May 06,,,,,,,,JMC Analytics-2
 46.0,29,Louisiana,8,35,50,,Feb 29,,,,,,,,Morning Consult-29
  1.0,1,Louisiana,8,41,58,,Jan 01,,,,,,,,Election 2012-1
335.0,1,Maine,4,48,45,02,Dec 01,,,,,,,,2016 Election results-1
307.0,7,Maine,4,47,39,07,Nov 06,,,,,,,,SurveyMonkey-7
302.0,3,Maine,4,46,42,05,Oct 30,,,,,,,,Emerson Coll.-3
300.0,7,Maine,4,50,38,07,Oct 30,,,,,,,,SurveyMonkey-7
298.0,3,Maine,4,42,37,09,Oct 26,,,,,,,,Maine Peoples Res. Ctr.-3
295.5,6,Maine,4,48,37,05,Oct 25,,,,,,,,U. of New Hampshire-6
287.5,2,Maine,4,42,36,09,Oct 15,,,,,,,,Maine Peoples Res. Ctr.-2
281.0,3,Maine,4,44,36,09,Oct 09,,,,,,,,Maine Peoples Res. Ctr.-3
260.5,6,Maine,4,40,36,12,Sep 20,,,,,,,,U. of New Hampshire-6
259.0,3,Maine,4,37,37,11,Sep 17,,,,,,,,MPRC-3
250.0,7,Maine,4,42,39,09,Sep 10,,,,,,,,SurveyUSA-7
246.5,4,Maine,4,44,35,12,Sep 05,,,,,,,,Emerson Coll.-4
232.5,24,Maine,4,37,34,15,Sep 01,,,,,,,,SurveyMonkey-24
218.0,5,Maine,4,43,33,10,Aug 08,,,,,,,,Gravis-5
169.0,7,Maine,4,42,35,,Jun 21,,,,,,,,U. of New Hampshire-7
136.0,31,Maine,4,39,41,,May 31,,,,,,,,Morning Consult-31
 46.0,29,Maine,4,41,42,,Feb 29,,,,,,,,Morning Consult-29
  1.0,1,Maine,4,56,41,,Jan 01,,,,,,,,Election 2012-1
335.0,1,Maryland,10,61,35,03,Dec 01,,,,,,,,2016 Election results-1
307.0,7,Maryland,10,60,29,06,Nov 06,,,,,,,,SurveyMonkey-7
300.0,7,Maryland,10,63,27,06,Oct 30,,,,,,,,SurveyMonkey-7
271.5,4,Maryland,10,63,27,04,Sep 30,,,,,,,,U. of Maryland-4
261.5,4,Maryland,10,58,25,06,Sep 20,,,,,,,,Goucher Coll.-4
236.0,13,Maryland,10,54,25,06,Aug 30,,,,,,,,OpinionWorks-13
232.5,24,Maryland,10,54,27,09,Sep 01,,,,,,,,SurveyMonkey-24
136.0,31,Maryland,10,51,33,,May 31,,,,,,,,Morning Consult-31
106.0,3,Maryland,10,61,28,,Apr 17,,,,,,,,PPP-3
 97.0,5,Maryland,10,63,27,,Apr 09,,,,,,,,Marist Coll.-5
 91.0,5,Maryland,10,63,28,,Apr 03,,,,,,,,Washington Post-5
 46.0,29,Maryland,10,52,32,,Feb 29,,,,,,,,Morning Consult-29
  1.0,1,Maryland,10,62,37,,Jan 01,,,,,,,,Election 2012-1
335.0,1,Massachusetts,11,61,34,04,Dec 01,,,,,,,,2016 Election results-1
307.0,7,Massachusetts,11,56,29,07,Nov 06,,,,,,,,SurveyMonkey-7
301.0,11,Massachusetts,11,56,26,08,Nov 02,,,,,,,,Western New England U.-11
300.0,7,Massachusetts,11,58,28,08,Oct 30,,,,,,,,SurveyMonkey-7
298.0,3,Massachusetts,11,57,25,04,Oct 26,,,,,,,,Suffolk U.-3
287.5,4,Massachusetts,11,54,28,07,Oct 16,,,,,,,,MassINC-4
271.5,10,Massachusetts,11,58,26,07,Oct 03,,,,,,,,Western New England U.-10
260.5,6,Massachusetts,11,47,34,09,Sep 20,,,,,,,,U. of Mass.-6
251.5,4,Massachusetts,11,54,28,09,Sep 10,,,,,,,,MassINC-4
247.0,3,Massachusetts,11,50,33,09,Sep 05,,,,,,,,Emerson Coll.-3
232.5,24,Massachusetts,11,48,29,11,Sep 01,,,,,,,,SurveyMonkey-24
136.0,31,Massachusetts,11,50,33,,May 31,,,,,,,,Morning Consult-31
123.5,4,Massachusetts,11,55,31,,May 05,,,,,,,,Suffolk U.-4
 95.5,10,Massachusetts,11,62,36,,Apr 10,,,,,,,,Western New England U.-10
 46.0,29,Massachusetts,11,49,37,,Feb 29,,,,,,,,Morning Consult-29
  1.0,1,Massachusetts,11,61,38,,Jan 01,,,,,,,,Election 2012-1
335.0,1,Michigan,16,47,48,04,Dec 01,,,,,,,,2016 Election results-1
307.5,2,Michigan,16,46,41,06,Nov 04,,,,,,,,PPP-2
307.0,7,Michigan,16,44,42,08,Nov 06,,,,,,,,SurveyMonkey-7
300.0,7,Michigan,16,43,42,08,Oct 30,,,,,,,,SurveyMonkey-7
297.0,3,Michigan,16,50,43,03,Oct 25,,,,,,,,Emerson Coll.-3
296.0,3,Michigan,16,41,34,09,Oct 24,,,,,,,,EPIC MRA-3
290.5,4,Michigan,16,41,36,07,Oct 19,,,,,,,,Marketing Resource Grp.-4
285.0,9,Michigan,16,45,37,11,Oct 16,,,,,,,,SurveyMonkey-9
283.5,2,Michigan,16,42,31,10,Oct 11,,,,,,,,Glengariff Group-2
275.0,3,Michigan,16,43,32,10,Oct 03,,,,,,,,EPIC MRA-3
270.5,2,Michigan,16,42,35,09,Sep 28,,,,,,,,Glengariff Group-2
264.0,7,Michigan,16,46,41,08,Sep 24,,,,,,,,Target Insyght-7
258.5,30,Michigan,16,47,28,11,Sep 30,,,,,,,,Michigan State U.-30
254.5,4,Michigan,16,38,35,10,Sep 13,,,,,,,,EPIC MRA-4
238.5,4,Michigan,16,45,40,07,Aug 28,,,,,,,,Emerson Coll.-4
235.0,3,Michigan,16,44,37,05,Aug 24,,,,,,,,Suffolk U.-3
232.5,24,Michigan,16,39,38,13,Sep 01,,,,,,,,SurveyMonkey-24
213.5,6,Michigan,16,43,32,08,Aug 04,,,,,,,,EPIC MRA-6
212.0,3,Michigan,16,41,32,08,Aug 01,,,,,,,,DetroitNews/Glengariff-3
195.0,3,Michigan,16,42,39,,Jul 15,,,,,,,,YouGov-3
194.0,5,Michigan,16,34,29,,Jul 15,,,,,,,,Marketing Resource Grp.-5
145.0,3,Michigan,16,43,39,,May 26,,,,,,,,Glengariff Group-3
136.0,31,Michigan,16,42,39,,May 31,,,,,,,,Morning Consult-31
 82.5,2,Michigan,16,49,38,,Mar 24,,,,,,,,SurveyUSA-2
 79.5,4,Michigan,16,47,37,,Mar 22,,,,,,,,EPIC-MRA-4
 61.0,3,Michigan,16,52,36,,Mar 03,,,,,,,,Marist Coll.-3
 46.0,29,Michigan,16,42,41,,Feb 29,,,,,,,,Morning Consult-29
  1.0,1,Michigan,16,54,45,,Jan 01,,,,,,,,Election 2012-1
335.0,1,Minnesota,10,47,46,04,Dec 01,,,,,,,,2016 Election results-1
307.0,7,Minnesota,10,46,37,10,Nov 06,,,,,,,,SurveyMonkey-7
300.0,7,Minnesota,10,47,38,09,Oct 30,,,,,,,,SurveyMonkey-7
296.5,4,Minnesota,10,49,39,05,Oct 25,,,,,,,,SurveyUSA-4
294.0,3,Minnesota,10,47,39,06,Oct 22,,,,,,,,Mason DIxon-3
284.5,4,Minnesota,10,48,35,04,Oct 13,,,,,,,,SurveyUSA-4
261.0,5,Minnesota,10,46,39,06,Sep 20,,,,,,,,SurveyUSA-5
256.0,3,Minnesota,10,44,38,06,Sep 14,,,,,,,,Mason Dixon-3
232.5,24,Minnesota,10,41,34,15,Sep 01,,,,,,,,SurveyMonkey-24
136.0,31,Minnesota,10,45,35,,May 31,,,,,,,,Morning Consult-31
116.0,3,Minnesota,10,48,35,,Apr 27,,,,,,,,Star Tribune-3
 46.0,29,Minnesota,10,44,39,,Feb 29,,,,,,,,Morning Consult-29
 19.0,3,Minnesota,10,43,38,,Jan 20,,,,,,,,Mason-Dixon-3
  1.0,1,Minnesota,10,53,45,,Jan 01,,,,,,,,Election 2012-1
335.0,1,Mississippi,6,40,58,01,Dec 01,,,,,,,,2016 Election results-1
307.0,7,Mississippi,6,41,50,04,Nov 06,,,,,,,,SurveyMonkey-7
300.0,7,Mississippi,6,42,47,05,Oct 30,,,,,,,,SurveyMonkey-7
232.5,24,Mississippi,6,43,46,04,Sep 01,,,,,,,,SurveyMonkey-24
136.0,31,Mississippi,6,33,51,,May 31,,,,,,,,Morning Consult-31
 88.0,3,Mississippi,6,43,46,,Mar 30,,,,,,,,Mason-Dixon-3
 46.0,29,Mississippi,6,32,54,,Feb 29,,,,,,,,Morning Consult-29
  1.0,1,Mississippi,6,44,56,,Jan 01,,,,,,,,Election 2012-1
335.0,1,Missouri,10,38,57,04,Dec 01,,,,,,,,2016 Election results-1
308.5,2,Missouri,10,41,47,07,Nov 05,,,,,,,,Emerson Coll.-2
307.0,7,Missouri,10,40,48,08,Nov 06,,,,,,,,SurveyMonkey-7
305.5,2,Missouri,10,37,50,04,Nov 02,,,,,,,,PPP-2
302.5,4,Missouri,10,37,52,05,Oct 31,,,,,,,,Emerson Coll.-4
302.5,4,Missouri,10,38,52,04,Oct 31,,,,,,,,Monmouth U.-4
300.0,7,Missouri,10,39,46,10,Oct 30,,,,,,,,SurveyMonkey-7
298.0,3,Missouri,10,42,47,03,Oct 26,,,,,,,,Mason Dixon-3
291.0,3,Missouri,10,39,47,05,Oct 19,,,,,,,,Emerson Coll.-3
283.0,3,Missouri,10,41,46,05,Oct 11,,,,,,,,Monmouth U.-3
265.0,3,Missouri,10,37,46,05,Sep 23,,,,,,,,YouGov-3
254.0,5,Missouri,10,34,47,07,Sep 13,,,,,,,,Emerson Coll.-5
238.5,2,Missouri,10,41,47,,Aug 27,,,,,,,,PPP-2
232.5,4,Missouri,10,43,44,08,Aug 22,,,,,,,,Monmouth U.-4
232.5,24,Missouri,10,34,43,14,Sep 01,,,,,,,,SurveyMonkey-24
220.5,2,Missouri,10,42,45,,Aug 09,,,,,,,,PPP-2
204.5,2,Missouri,10,41,40,09,Jul 24,,,,,,,,Mason Dixon-2
203.0,5,Missouri,10,37,47,08,Jul 24,,,,,,,,SurveyUSA-5
192.0,1,Missouri,10,36,46,07,Jul 11,,,,,,,,PPP-1
136.0,31,Missouri,10,37,45,,May 31,,,,,,,,Morning Consult-31
 65.5,8,Missouri,10,38,43,,Mar 10,,,,,,,,Fort Hays State U.-8
 46.0,29,Missouri,10,38,45,,Feb 29,,,,,,,,Morning Consult-29
  1.0,1,Missouri,10,44,54,,Jan 01,,,,,,,,Election 2012-1
335.0,1,Montana,3,34,58,05,Dec 01,,,,,,,,2016 Election results-1
307.0,7,Montana,3,31,53,10,Nov 06,,,,,,,,SurveyMonkey-7
300.0,7,Montana,3,38,48,11,Oct 30,,,,,,,,SurveyMonkey-7
284.0,3,Montana,3,36,46,11,Oct 12,,,,,,,,Mason Dixon-3
279.5,8,Montana,3,27,43,07,Oct 10,,,,,,,,Montana State U.-8
232.5,24,Montana,3,31,44,14,Sep 01,,,,,,,,SurveyMonkey-24
136.0,31,Montana,3,36,45,,May 31,,,,,,,,Morning Consult-31
 46.0,29,Montana,3,35,47,,Feb 29,,,,,,,,Morning Consult-29
  1.0,1,Montana,3,41,55,,Jan 01,,,,,,,,Election 2012-1
335.0,1,Nebraska,5,33,61,05,Dec 01,,,,,,,,2016 Election results-1
307.0,7,Nebraska,5,34,52,08,Nov 06,,,,,,,,SurveyMonkey-7
300.0,7,Nebraska,5,33,51,10,Oct 30,,,,,,,,SurveyMonkey-7
269.0,3,Nebraska,5,29,56,07,Sep 27,,,,,,,,Emerson Coll.-3
232.5,24,Nebraska,5,32,42,15,Sep 01,,,,,,,,SurveyMonkey-24
136.0,31,Nebraska,5,35,48,,May 31,,,,,,,,Morning Consult-31
 46.0,29,Nebraska,5,35,48,,Feb 29,,,,,,,,Morning Consult-29
  1.0,1,Nebraska,5,38,61,,Jan 01,,,,,,,,Election 2012-1
335.0,1,Nevada,6,47,45,03,Dec 01,,,,,,,,2016 Election results-1
308.5,2,Nevada,6,47,46,04,Nov 05,,,,,,,,Emerson Coll.-2
307.0,7,Nevada,6,44,43,10,Nov 06,,,,,,,,SurveyMonkey-7
304.5,2,Nevada,6,48,45,,Nov 01,,,,,,,,PPP-2
302.5,6,Nevada,6,43,49,05,Nov 01,,,,,,,,Opinion Research-6
300.0,7,Nevada,6,43,43,11,Oct 30,,,,,,,,SurveyMonkey-7
299.5,2,Nevada,6,44,42,03,Oct 27,,,,,,,,Emerson Coll.-2
295.0,5,Nevada,6,43,43,10,Oct 24,,,,,,,,Marist Coll.-5
294.5,4,Nevada,6,48,41,06,Oct 23,,,,,,,,Bendixen-4
294.0,3,Nevada,6,46,42,05,Oct 22,,,,,,,,Rasmussen-3
288.5,4,Nevada,6,47,40,07,Oct 17,,,,,,,,Monmouth U.-4
286.0,3,Nevada,6,46,40,04,Oct 14,,,,,,,,YouGov-3
285.5,6,Nevada,6,46,44,07,Oct 15,,,,,,,,Opinion Research-6
285.0,9,Nevada,6,40,44,09,Oct 16,,,,,,,,SurveyMonkey-9
283.5,2,Nevada,6,47,43,,Oct 11,,,,,,,,PPP-2
276.0,3,Nevada,6,43,43,09,Oct 04,,,,,,,,Emerson Coll.-3
272.5,6,Nevada,6,44,41,08,Oct 02,,,,,,,,Repass Research/Hart-6
271.0,3,Nevada,6,44,38,07,Sep 29,,,,,,,,Suffolk U.-3
271.0,3,Nevada,6,45,44,05,Sep 29,,,,,,,,Bendixen-3
262.0,3,Nevada,6,40,43,08,Sep 20,,,,,,,,Fox News-3
260.0,3,Nevada,6,39,42,11,Sep 18,,,,,,,,Rasmussen-3
255.0,3,Nevada,6,42,44,08,Sep 13,,,,,,,,Monmouth U.-3
250.0,3,Nevada,6,41,42,08,Sep 08,,,,,,,,Marist Coll.-3
249.5,2,Nevada,6,45,42,,Sep 07,,,,,,,,PPP-2
232.5,24,Nevada,6,40,37,12,Sep 01,,,,,,,,SurveyMonkey-24
228.0,3,Nevada,6,44,42,05,Aug 17,,,,,,,,Suffolk U.-3
215.5,4,Nevada,6,43,41,04,Aug 05,,,,,,,,YouGov-4
211.0,3,Nevada,6,41,40,,Jul 31,,,,,,,,Rasmussen-3
204.0,3,Nevada,6,38,43,,Jul 24,,,,,,,,Rasmussen-3
189.5,4,Nevada,6,45,41,05,Jul 10,,,,,,,,Monmouth U.-4
136.0,31,Nevada,6,44,40,,May 31,,,,,,,,Morning Consult-31
 46.0,29,Nevada,6,44,42,,Feb 29,,,,,,,,Morning Consult-29
  1.0,1,Nevada,6,52,46,,Jan 01,,,,,,,,Election 2012-1
335.0,1,New Hampshire,4,48,47,04,Dec 01,,,,,,,,2016 Election results-1
308.5,2,New Hampshire,4,45,44,05,Nov 05,,,,,,,,Emerson Coll.-2
308.5,4,New Hampshire,4,49,38,06,Nov 06,,,,,,,,U. of New Hampshire-4
307.0,7,New Hampshire,4,49,38,08,Nov 06,,,,,,,,SurveyMonkey-7
305.0,3,New Hampshire,4,42,42,05,Nov 02,,,,,,,,Suffolk U.-3
305.0,3,New Hampshire,4,43,48,04,Nov 02,,,,,,,,ARG-3
304.5,2,New Hampshire,4,48,43,,Nov 01,,,,,,,,PPP-2
303.5,4,New Hampshire,4,39,40,10,Nov 01,,,,,,,,MassINC-4
303.5,6,New Hampshire,4,44,44,05,Nov 02,,,,,,,,UMass Lowell-6
301.0,5,New Hampshire,4,45,38,06,Oct 30,,,,,,,,U. of New Hampshire-5
300.0,7,New Hampshire,4,46,36,12,Oct 30,,,,,,,,SurveyMonkey-7
297.0,3,New Hampshire,4,46,43,06,Oct 25,,,,,,,,Emerson Coll.-3
296.5,4,New Hampshire,4,46,42,07,Oct 25,,,,,,,,Monmouth U.-4
295.0,5,New Hampshire,4,45,36,10,Oct 24,,,,,,,,Marist Coll.-5
292.0,5,New Hampshire,4,43,38,08,Oct 21,,,,,,,,UMass Amherst-5
291.0,3,New Hampshire,4,44,36,10,Oct 19,,,,,,,,Emerson Coll.-3
287.0,7,New Hampshire,4,49,34,08,Oct 17,,,,,,,,U. of New Hampshire-7
285.0,9,New Hampshire,4,47,36,10,Oct 16,,,,,,,,SurveyMonkey-9
284.0,3,New Hampshire,4,41,38,11,Oct 12,,,,,,,,MassINC-3
282.0,5,New Hampshire,4,45,39,09,Oct 11,,,,,,,,UMass Lowell-5
277.0,3,New Hampshire,4,44,42,05,Oct 05,,,,,,,,Suffolk U.-3
271.0,3,New Hampshire,4,42,35,13,Sep 29,,,,,,,,MassINC-3
265.5,6,New Hampshire,4,46,42,06,Sep 25,,,,,,,,ARG-6
261.5,4,New Hampshire,4,47,38,10,Sep 20,,,,,,,,Monmouth U.-4
250.0,3,New Hampshire,4,39,37,15,Sep 08,,,,,,,,Marist Coll.-3
247.0,3,New Hampshire,4,42,37,14,Sep 05,,,,,,,,Emerson Coll.-3
242.5,2,New Hampshire,4,46,41,,Aug 31,,,,,,,,PPP-2
239.0,3,New Hampshire,4,46,40,,Aug 28,,,,,,,,PPP-3
236.0,9,New Hampshire,4,43,32,12,Aug 28,,,,,,,,U. of New Hampshire-9
232.5,24,New Hampshire,4,40,34,14,Sep 01,,,,,,,,SurveyMonkey-24
223.0,3,New Hampshire,4,45,36,,Aug 12,,,,,,,,YouGov-3
218.0,3,New Hampshire,4,50,37,,Aug 07,,,,,,,,PPP-3
201.0,3,New Hampshire,4,39,48,,Jul 21,,,,,,,,Inside Sources-3
194.5,10,New Hampshire,4,37,37,10,Jul 18,,,,,,,,U. of New Hampshire-10
177.0,5,New Hampshire,4,47,42,,Jun 28,,,,,,,,ARG-5
173.5,2,New Hampshire,4,43,39,,Jun 23,,,,,,,,PPP-2
146.5,4,New Hampshire,4,44,44,,May 28,,,,,,,,Franklin Pierce U.-4
141.0,3,New Hampshire,4,41,43,,May 22,,,,,,,,PPP-3
136.0,31,New Hampshire,4,41,41,,May 31,,,,,,,,Morning Consult-31
133.5,4,New Hampshire,4,44,42,,May 15,,,,,,,,MassINC-4
113.0,3,New Hampshire,4,44,44,,Apr 24,,,,,,,,PPP-3
103.5,6,New Hampshire,4,34,30,,Apr 16,,,,,,,,Dartmouth Coll.-6
102.0,11,New Hampshire,4,50,31,,Apr 17,,,,,,,,U. of New Hampshire-11
 55.0,9,New Hampshire,4,47,39,,Feb 28,,,,,,,,U. of New Hampshire-9
 46.0,29,New Hampshire,4,43,39,,Feb 29,,,,,,,,Morning Consult-29
 37.0,3,New Hampshire,4,45,40,,Feb 07,,,,,,,,U. of Mass.-3
 15.5,6,New Hampshire,4,48,39,,Jan 18,,,,,,,,U. of New Hampshire-6
  5.0,3,New Hampshire,4,47,41,,Jan 06,,,,,,,,PPP-3
  4.5,6,New Hampshire,4,45,44,,Jan 07,,,,,,,,Marist coll.-6
  1.0,1,New Hampshire,4,52,46,,Jan 01,,,,,,,,Election 2012-1
335.0,1,New Jersey,14,55,42,02,Dec 01,,,,,,,,2016 Election results-1
307.0,7,New Jersey,14,53,37,04,Nov 06,,,,,,,,SurveyMonkey-7
303.0,7,New Jersey,14,51,40,03,Nov 02,,,,,,,,Stockton Polling-7
300.0,7,New Jersey,14,55,34,04,Oct 30,,,,,,,,SurveyMonkey-7
287.0,5,New Jersey,14,49,35,06,Oct 16,,,,,,,,Fairleigh Dickinson U.-5
268.5,8,New Jersey,14,46,40,,Sep 29,,,,,,,,Stockton Polling-8
251.0,5,New Jersey,14,50,29,06,Sep 10,,,,,,,,Rutgers-Eagleton-5
246.5,4,New Jersey,14,47,43,05,Sep 05,,,,,,,,Emerson Coll.-4
232.5,24,New Jersey,14,49,34,08,Sep 01,,,,,,,,SurveyMonkey-24
175.0,5,New Jersey,14,44,32,09,Jun 26,,,,,,,,Fairleigh Dickinson U.-5
152.5,4,New Jersey,14,49,34,,Jun 03,,,,,,,,YouGov-4
145.0,5,New Jersey,14,37,31,05,May 27,,,,,,,,Monmouth U.-5
140.0,5,New Jersey,14,48,37,,May 22,,,,,,,,Fairleigh Dickinson U.-5
136.0,31,New Jersey,14,46,37,,May 31,,,,,,,,Morning Consult-31
133.0,7,New Jersey,14,45,38,,May 16,,,,,,,,Quinnipiac U.-7
 94.5,8,New Jersey,14,50,36,,Apr 08,,,,,,,,Rutgers-Eagleton-8
 46.0,29,New Jersey,14,44,40,,Feb 29,,,,,,,,Morning Consult-29
  1.0,1,New Jersey,14,58,41,,Jan 01,,,,,,,,Election 2012-1
335.0,1,New Mexico,5,48,40,09,Dec 01,,,,,,,,2016 Election results-1
307.0,7,New Mexico,5,40,36,16,Nov 06,,,,,,,,SurveyMonkey-7
306.0,3,New Mexico,5,45,40,11,Nov 03,,,,,,,,Research and Polling-3
305.5,2,New Mexico,5,46,43,07,Nov 02,,,,,,,,ZiaPoll-2
300.0,7,New Mexico,5,45,33,18,Oct 30,,,,,,,,SurveyMonkey-7
285.0,9,New Mexico,5,41,33,18,Oct 16,,,,,,,,SurveyMonkey-9
273.0,5,New Mexico,5,46,33,14,Oct 02,,,,,,,,SurveyUSA-5
271.0,3,New Mexico,5,35,31,24,Sep 29,,,,,,,,Research and Polling-3
232.5,24,New Mexico,5,37,29,25,Sep 01,,,,,,,,SurveyMonkey-24
232.0,3,New Mexico,5,40,31,16,Aug 21,,,,,,,,PPP-3
136.0,31,New Mexico,5,43,40,,May 31,,,,,,,,Morning Consult-31
134.0,3,New Mexico,5,41,33,14,May 15,,,,,,,,PPP-3
 46.0,29,New Mexico,5,45,40,,Feb 29,,,,,,,,Morning Consult-29
  1.0,1,New Mexico,5,53,43,,Jan 01,,,,,,,,Election 2012-1
335.0,1,New York,29,59,38,02,Dec 01,,,,,,,,2016 Election results-1
307.5,2,New York,29,51,34,05,Nov 04,,,,,,,,Siena Coll.-2
307.0,7,New York,29,58,31,05,Nov 06,,,,,,,,SurveyMonkey-7
300.0,7,New York,29,57,33,,Oct 30,,,,,,,,SurveyMonkey-7
288.0,5,New York,29,54,30,05,Oct 17,,,,,,,,Siena Coll.-5
265.0,3,New York,29,52,31,07,Sep 23,,,,,,,,Marist Coll.-3
256.0,5,New York,29,51,30,08,Sep 15,,,,,,,,Siena Coll.-5
241.0,3,New York,29,52,34,08,Aug 30,,,,,,,,Emerson Coll.-3
232.5,24,New York,29,51,31,08,Sep 01,,,,,,,,SurveyMonkey-24
220.5,4,New York,29,50,25,09,Aug 10,,,,,,,,Siena Coll.-4
218.0,5,New York,29,48,34,06,Aug 08,,,,,,,,Gravis-5
196.0,5,New York,29,45,33,06,Jul 17,,,,,,,,Quinnipiac U.-5
176.0,7,New York,29,54,31,,Jun 28,,,,,,,,Siena Coll.-7
144.0,5,New York,29,52,31,,May 26,,,,,,,,Siena Coll.-5
136.0,31,New York,29,51,34,,May 31,,,,,,,,Morning Consult-31
115.5,4,New York,29,56,30,,Apr 27,,,,,,,,Siena Coll.-4
106.5,2,New York,29,55,36,,Apr 17,,,,,,,,Emerson Coll.-2
 98.5,4,New York,29,55,35,,Apr 10,,,,,,,,PPP-4
 98.0,5,New York,29,61,32,,Apr 10,,,,,,,,Marist Coll.-5
 97.5,6,New York,29,51,35,,Apr 10,,,,,,,,Baruch coll.-6
 96.5,2,New York,29,54,36,,Apr 07,,,,,,,,Emerson Coll.-2
 95.5,4,New York,29,53,37,,Apr 07,,,,,,,,Anderson Robbins + Shaw-4
 84.5,8,New York,29,53,33,,Mar 29,,,,,,,,Quinnipiac U.-8
 74.0,3,New York,29,55,36,,Mar 16,,,,,,,,Emerson Coll.-3
 60.5,4,New York,29,57,34,,Mar 03,,,,,,,,Siena Coll.-4
 46.0,29,New York,29,53,34,,Feb 29,,,,,,,,Morning Consult-29
 32.5,4,New York,29,57,32,,Feb 03,,,,,,,,Siena Coll.-4
  1.0,1,New York,29,63,36,,Jan 01,,,,,,,,Election 2012-1
335.0,1,North Carolina,15,47,51,02,Dec 01,,,,,,,,2016 Election results-1
309.0,3,North Carolina,15,44,44,03,Nov 06,,,,,,,,Siena Coll.-3
308.5,4,North Carolina,15,47,45,03,Nov 06,,,,,,,,Quinnipiac U.-4
307.0,7,North Carolina,15,48,41,07,Nov 06,,,,,,,,SurveyMonkey-7
304.5,2,North Carolina,15,49,47,,Nov 01,,,,,,,,PPP-2
302.5,4,North Carolina,15,44,51,03,Oct 31,,,,,,,,SurveyUSA-4
302.5,6,North Carolina,15,47,44,03,Nov 01,,,,,,,,Quinnipiac U.-6
300.0,3,North Carolina,15,48,45,03,Oct 28,,,,,,,,YouGov-3
300.0,7,North Carolina,15,47,43,08,Oct 30,,,,,,,,SurveyMonkey-7
299.5,2,North Carolina,15,48,45,04,Oct 27,,,,,,,,Emerson Coll.-2
298.5,2,North Carolina,15,47,41,08,Oct 26,,,,,,,,Marist Coll.-2
298.0,5,North Carolina,15,42,41,03,Oct 27,,,,,,,,Elon U.-5
296.0,7,North Carolina,15,47,43,05,Oct 26,,,,,,,,Quinnipiac-7
294.5,2,North Carolina,15,47,44,04,Oct 22,,,,,,,,PPP-2
294.5,4,North Carolina,15,46,39,08,Oct 23,,,,,,,,Siena Coll.-4
294.5,4,North Carolina,15,47,46,04,Oct 23,,,,,,,,Monmouth U.-4
288.5,4,North Carolina,15,46,44,06,Oct 17,,,,,,,,SurveyUSA-4
285.5,6,North Carolina,15,48,47,04,Oct 15,,,,,,,,Opinion Research-6
285.0,9,North Carolina,15,46,40,09,Oct 16,,,,,,,,SurveyMonkey-9
284.0,3,North Carolina,15,45,41,09,Oct 12,,,,,,,,Marist Coll.-3
284.0,3,North Carolina,15,45,43,05,Oct 12,,,,,,,,Suffolk U.-3
284.0,3,North Carolina,15,46,42,05,Oct 12,,,,,,,,Emerson Coll.-3
276.5,6,North Carolina,15,43,42,08,Oct 06,,,,,,,,High Point U.-6
274.0,5,North Carolina,15,46,44,05,Oct 03,,,,,,,,SurveyUSA-5
273.5,4,North Carolina,15,44,43,06,Oct 02,,,,,,,,Selzer-4
272.5,6,North Carolina,15,46,43,07,Oct 02,,,,,,,,Quinnipiac U.-6
271.5,4,North Carolina,15,45,39,09,Sep 30,,,,,,,,Elon U.-4
270.5,2,North Carolina,15,44,42,07,Sep 28,,,,,,,,PPP-2
263.0,5,North Carolina,15,38,35,06,Sep 22,,,,,,,,Meredith Coll.-5
262.5,6,North Carolina,15,43,42,10,Sep 22,,,,,,,,High Point U.-6
262.0,3,North Carolina,15,40,45,06,Sep 20,,,,,,,,Fox News-3
262.0,3,North Carolina,15,43,45,06,Sep 20,,,,,,,,PPP-3
260.5,4,North Carolina,15,41,41,11,Sep 19,,,,,,,,Siena Coll.-4
257.0,5,North Carolina,15,43,44,06,Sep 16,,,,,,,,Elon U.-5
249.0,3,North Carolina,15,41,44,04,Sep 07,,,,,,,,Suffolk U.-3
245.5,10,North Carolina,15,42,38,15,Sep 07,,,,,,,,Quinnipiac U.-10
243.5,4,North Carolina,15,46,42,04,Sep 02,,,,,,,,YouGov-4
240.0,3,North Carolina,15,43,45,08,Aug 29,,,,,,,,Emerson Coll.-3
238.5,2,North Carolina,15,45,44,,Aug 27,,,,,,,,PPP-2
233.5,4,North Carolina,15,44,42,07,Aug 23,,,,,,,,Monmouth U.-4
232.5,6,North Carolina,15,45,45,09,Aug 23,,,,,,,,Opinion Research-6
232.5,24,North Carolina,15,40,41,10,Sep 01,,,,,,,,SurveyMonkey-24
228.0,3,North Carolina,15,38,39,10,Aug 17,,,,,,,,Gravis-3
219.0,7,North Carolina,15,45,36,09,Aug 10,,,,,,,,Marist Coll.-7
218.0,3,North Carolina,15,43,41,07,Aug 07,,,,,,,,PPP-3
213.0,3,North Carolina,15,42,46,06,Aug 02,,,,,,,,SurveyUSA-3
189.0,7,North Carolina,15,42,36,07,Jul 11,,,,,,,,Marist Coll.-7
173.5,4,North Carolina,15,44,42,02,Jun 24,,,,,,,,YouGov-4
171.5,2,North Carolina,15,43,43,04,Jun 21,,,,,,,,PPP-2
141.0,3,North Carolina,15,41,43,03,May 22,,,,,,,,PPP-3
136.0,31,North Carolina,15,40,43,,May 31,,,,,,,,Morning Consult-31
102.5,6,North Carolina,15,45,39,,Apr 15,,,,,,,,Elon U.-6
 78.0,3,North Carolina,15,44,42,,Mar 20,,,,,,,,PPP-3
 68.5,2,North Carolina,15,42,49,,Mar 10,,,,,,,,SurveyUSA-2
 48.0,5,North Carolina,15,47,41,,Feb 19,,,,,,,,Elon U.-5
 46.0,3,North Carolina,15,43,44,,Feb 16,,,,,,,,PPP-3
 46.0,3,North Carolina,15,43,45,,Feb 16,,,,,,,,SurveyUSA-3
 46.0,29,North Carolina,15,38,47,,Feb 29,,,,,,,,Morning Consult-29
 18.5,2,North Carolina,15,43,45,,Jan 19,,,,,,,,PPP-2
  1.0,1,North Carolina,15,48,51,,Jan 01,,,,,,,,Election 2012-1
335.0,1,North Dakota,3,28,64,06,Dec 01,,,,,,,,2016 Election results-1
307.0,7,North Dakota,3,29,57,10,Nov 06,,,,,,,,SurveyMonkey-7
300.0,7,North Dakota,3,32,55,11,Oct 30,,,,,,,,SurveyMonkey-7
257.5,6,North Dakota,3,32,43,08,Sep 17,,,,,,,,DFM Research-6
232.5,24,North Dakota,3,26,51,16,Sep 01,,,,,,,,SurveyMonkey-24
136.0,31,North Dakota,3,36,44,,May 31,,,,,,,,Morning Consult-31
 46.0,29,North Dakota,3,35,46,,Feb 29,,,,,,,,Morning Consult-29
  1.0,1,North Dakota,3,39,59,,Jan 01,,,,,,,,Election 2012-1
335.0,1,Ohio,18,44,52,03,Dec 01,,,,,,,,2016 Election results-1
308.5,2,Ohio,18,39,46,07,Nov 05,,,,,,,,Emerson Coll.-2
307.0,3,Ohio,18,45,46,03,Nov 04,,,,,,,,YouGov-3
307.0,7,Ohio,18,42,45,08,Nov 06,,,,,,,,SurveyMonkey-7
305.5,4,Ohio,18,43,40,08,Nov 03,,,,,,,,TargetSmart/William + Mary-4
304.5,10,Ohio,18,48,47,,Nov 05,,,,,,,,Columbus Dispatch-10
302.5,6,Ohio,18,41,46,05,Nov 01,,,,,,,,Quinnipiac U.-6
300.0,7,Ohio,18,41,44,09,Oct 30,,,,,,,,SurveyMonkey-7
299.5,2,Ohio,18,45,45,06,Oct 27,,,,,,,,Emerson Coll.-2
291.0,3,Ohio,18,45,45,02,Oct 19,,,,,,,,Suffolk U.-3
286.0,7,Ohio,18,45,45,06,Oct 16,,,,,,,,Quinnipiac U.-7
285.5,6,Ohio,18,44,48,04,Oct 15,,,,,,,,Opinion Research-6
285.0,9,Ohio,18,41,44,09,Oct 16,,,,,,,,SurveyMonkey-9
284.0,3,Ohio,18,41,42,09,Oct 12,,,,,,,,Marist Coll.-3
284.0,3,Ohio,18,45,43,07,Oct 12,,,,,,,,Emerson Coll.-3
283.0,3,Ohio,18,43,34,10,Oct 11,,,,,,,,Baldwin Wallace U.-3
279.0,3,Ohio,18,46,42,05,Oct 07,,,,,,,,YouGov-3
278.5,2,Ohio,18,44,43,05,Oct 06,,,,,,,,PPP-2
277.5,4,Ohio,18,43,40,08,Oct 06,,,,,,,,TargetSmart/William + Mary-4
275.5,4,Ohio,18,44,42,05,Oct 04,,,,,,,,Monmouth U.-4
272.5,6,Ohio,18,42,47,06,Oct 02,,,,,,,,Quinnipiac U.-6
262.0,3,Ohio,18,37,42,06,Sep 20,,,,,,,,Fox News-3
261.5,8,Ohio,18,40,37,08,Sep 22,,,,,,,,TargetSmart-8
256.0,3,Ohio,18,39,42,04,Sep 14,,,,,,,,Suffolk U.-3
253.5,4,Ohio,18,39,44,10,Sep 12,,,,,,,,Selzer-4
252.5,6,Ohio,18,41,46,08,Sep 12,,,,,,,,Opinion Research-6
251.0,3,Ohio,18,46,39,07,Sep 09,,,,,,,,YouGov-3
245.5,10,Ohio,18,37,41,14,Sep 07,,,,,,,,Quinnipiac U.-10
238.5,2,Ohio,18,46,42,,Aug 27,,,,,,,,PPP-2
238.0,3,Ohio,18,43,43,10,Aug 27,,,,,,,,Emerson Coll.-3
232.5,24,Ohio,18,37,40,13,Sep 01,,,,,,,,SurveyMonkey-24
231.5,4,Ohio,18,43,39,10,Aug 21,,,,,,,,Monmouth U.-4
230.0,3,Ohio,18,46,40,06,Aug 19,,,,,,,,YouGov-3
217.0,5,Ohio,18,39,35,12,Aug 07,,,,,,,,Marist Coll.-5
215.0,9,Ohio,18,44,42,08,Aug 07,,,,,,,,Quinnipiac U.-9
204.0,3,Ohio,18,39,42,06,Jul 24,,,,,,,,PPP-3
200.0,3,Ohio,18,43,39,05,Jul 20,,,,,,,,Suffolk U.-3
195.0,3,Ohio,18,44,40,05,Jul 15,,,,,,,,YouGov-3
188.5,6,Ohio,18,38,35,09,Jul 10,,,,,,,,Marist Coll.-6
186.5,12,Ohio,18,36,37,07,Jul 11,,,,,,,,Quinnipiac U.-12
176.0,7,Ohio,18,41,38,09,Jun 28,,,,,,,,RABA Research-7
173.5,2,Ohio,18,44,40,,Jun 23,,,,,,,,PPP-2
164.5,12,Ohio,18,38,36,08,Jun 19,,,,,,,,Quinnipiac U.-12
137.5,4,Ohio,18,44,39,,May 19,,,,,,,,YouGov-4
136.0,31,Ohio,18,41,42,,May 31,,,,,,,,Morning Consult-31
122.5,12,Ohio,18,43,39,,May 08,,,,,,,,Quinnipiac U.-12
116.5,2,Ohio,18,45,42,,Apr 27,,,,,,,,PPP-2
 66.0,7,Ohio,18,48,42,,Mar 10,,,,,,,,Marist Coll.-7
 63.0,5,Ohio,18,50,43,,Mar 06,,,,,,,,Opinion Research-5
 62.5,2,Ohio,18,45,40,,Mar 04,,,,,,,,PPP-2
 49.0,5,Ohio,18,42,44,,Feb 20,,,,,,,,Quinnipiac U.-5
 46.0,29,Ohio,18,42,40,,Feb 29,,,,,,,,Morning Consult-29
  1.0,1,Ohio,18,50,48,,Jan 01,,,,,,,,Election 2012-1
335.0,1,Oklahoma,7,29,65,06,Dec 01,,,,,,,,2016 Election results-1
307.0,7,Oklahoma,7,32,56,10,Nov 06,,,,,,,,SurveyMonkey-7
300.0,7,Oklahoma,7,30,57,11,Oct 30,,,,,,,,SurveyMonkey-7
292.0,3,Oklahoma,7,30,60,05,Oct 20,,,,,,,,Sooner Poll-3
257.0,3,Oklahoma,7,36,51,06,Sep 15,,,,,,,,Sooner Poll-3
232.5,24,Oklahoma,7,26,49,13,Sep 01,,,,,,,,SurveyMonkey-24
203.5,6,Oklahoma,7,29,53,,Jul 25,,,,,,,,Sooner Poll-6
136.0,31,Oklahoma,7,34,48,,May 31,,,,,,,,Morning Consult-31
 46.0,29,Oklahoma,7,34,48,,Feb 29,,,,,,,,Morning Consult-29
  1.0,1,Oklahoma,7,33,67,,Jan 01,,,,,,,,Election 2012-1
335.0,1,Oregon,7,52,41,05,Dec 01,,,,,,,,2016 Election results-1
307.0,7,Oregon,7,51,35,07,Nov 06,,,,,,,,SurveyMonkey-7
300.0,7,Oregon,7,51,36,07,Oct 30,,,,,,,,SurveyMonkey-7
299.5,6,Oregon,7,41,34,04,Oct 29,,,,,,,,DHM Research-6
284.0,3,Oregon,7,48,38,06,Oct 12,,,,,,,,SurveyUSA-3
282.5,8,Oregon,7,43,36,07,Oct 13,,,,,,,,DHM Research-8
282.0,11,Oregon,7,46,36,05,Oct 14,,,,,,,,Riley Research-11
246.5,6,Oregon,7,38,25,10,Sep 06,,,,,,,,DHM Research-6
232.5,24,Oregon,7,47,32,11,Sep 01,,,,,,,,SurveyMonkey-24
176.0,5,Oregon,7,45,32,,Jun 27,,,,,,,,iCitizen-5
136.0,31,Oregon,7,45,36,,May 31,,,,,,,,Morning Consult-31
127.5,4,Oregon,7,43,32,,May 09,,,,,,,,Anderson Robbins + Shaw-4
 46.0,29,Oregon,7,45,38,,Feb 29,,,,,,,,Morning Consult-29
  1.0,1,Oregon,7,54,43,,Jan 01,,,,,,,,Election 2012-1
335.0,1,Pennsylvania,20,48,49,02,Dec 01,,,,,,,,2016 Election results-1
308.0,3,Pennsylvania,20,45,43,04,Nov 05,,,,,,,,YouGov-3
307.0,7,Pennsylvania,20,47,42,06,Nov 06,,,,,,,,SurveyMonkey-7
305.5,6,Pennsylvania,20,44,40,07,Nov 04,,,,,,,,Muhlenberg Coll.-6
304.5,2,Pennsylvania,20,48,44,,Nov 01,,,,,,,,PPP-2
303.5,4,Pennsylvania,20,48,44,03,Nov 01,,,,,,,,Monmouth U.-4
302.5,6,Pennsylvania,20,48,43,03,Nov 01,,,,,,,,Quinnipiac U.-6
302.5,6,Pennsylvania,20,48,44,04,Nov 01,,,,,,,,Opinion Research-6
301.0,5,Pennsylvania,20,49,38,04,Oct 30,,,,,,,,Franklin+Marshall Coll.-5
300.0,3,Pennsylvania,20,48,40,05,Oct 28,,,,,,,,YouGov-3
300.0,7,Pennsylvania,20,49,41,06,Oct 30,,,,,,,,SurveyMonkey-7
297.0,3,Pennsylvania,20,46,39,06,Oct 25,,,,,,,,Siena Coll.-3
297.0,3,Pennsylvania,20,48,43,06,Oct 25,,,,,,,,Emerson Coll.-3
296.0,7,Pennsylvania,20,45,39,08,Oct 26,,,,,,,,Muhlenberg Coll.-7
291.0,3,Pennsylvania,20,45,41,04,Oct 19,,,,,,,,Emerson Coll.-3
286.0,7,Pennsylvania,20,47,41,06,Oct 16,,,,,,,,Quinnipiac U.-7
285.0,9,Pennsylvania,20,46,40,08,Oct 16,,,,,,,,SurveyMonkey-9
282.0,5,Pennsylvania,20,48,39,06,Oct 11,,,,,,,,Selzer-5
279.0,3,Pennsylvania,20,48,40,04,Oct 07,,,,,,,,YouGov-3
277.5,4,Pennsylvania,20,49,37,06,Oct 06,,,,,,,,Marist Coll.-4
274.5,4,Pennsylvania,20,50,40,05,Oct 03,,,,,,,,Monmouth U.-4
273.0,5,Pennsylvania,20,47,38,05,Oct 02,,,,,,,,Franklin+Marshall Coll.-5
272.5,6,Pennsylvania,20,45,41,05,Oct 02,,,,,,,,Quinnipiac U.-6
270.5,2,Pennsylvania,20,45,39,06,Sep 28,,,,,,,,PPP-2
265.5,6,Pennsylvania,20,45,44,08,Sep 25,,,,,,,,Opinion Research-6
264.0,5,Pennsylvania,20,40,38,08,Sep 23,,,,,,,,Muhlenberg Coll.-5
260.5,12,Pennsylvania,20,42,41,04,Sep 23,,,,,,,,Mercyhurst U.-12
257.0,5,Pennsylvania,20,40,32,14,Sep 16,,,,,,,,Muhlenberg Coll.-5
245.5,10,Pennsylvania,20,44,39,09,Sep 07,,,,,,,,Quinnipiac U.-10
243.5,4,Pennsylvania,20,45,37,06,Sep 02,,,,,,,,YouGov-4
242.5,2,Pennsylvania,20,47,42,,Aug 31,,,,,,,,PPP-2
239.5,4,Pennsylvania,20,48,40,06,Aug 29,,,,,,,,Monmouth U.-4
239.0,5,Pennsylvania,20,41,38,07,Aug 29,,,,,,,,Franklin+Marshall Coll.-5
238.5,2,Pennsylvania,20,48,43,,Aug 27,,,,,,,,PPP-2
238.5,4,Pennsylvania,20,46,43,07,Aug 28,,,,,,,,Emerson Coll.-4
232.5,24,Pennsylvania,20,41,38,12,Sep 01,,,,,,,,SurveyMonkey-24
217.0,5,Pennsylvania,20,45,36,09,Aug 07,,,,,,,,Marist Coll.-5
215.0,9,Pennsylvania,20,48,39,07,Aug 07,,,,,,,,Quinnipiac U.-9
211.5,4,Pennsylvania,20,49,38,06,Aug 01,,,,,,,,Franklin+Marshall Coll.-4
211.0,3,Pennsylvania,20,45,42,04,Jul 31,,,,,,,,PPP-3
207.0,3,Pennsylvania,20,46,37,05,Jul 27,,,,,,,,Suffolk U.-3
188.5,6,Pennsylvania,20,43,35,08,Jul 10,,,,,,,,Marist Coll.-6
186.5,12,Pennsylvania,20,34,40,09,Jul 11,,,,,,,,Quinnipiac U.-12
173.5,2,Pennsylvania,20,46,42,,Jun 23,,,,,,,,PPP-2
164.5,12,Pennsylvania,20,39,36,09,Jun 19,,,,,,,,Quinnipiac U.-12
155.0,3,Pennsylvania,20,41,40,06,Jun 05,,,,,,,,PPP-3
136.0,31,Pennsylvania,20,43,42,,May 31,,,,,,,,Morning Consult-31
122.5,12,Pennsylvania,20,43,42,,May 08,,,,,,,,Quinnipiac U.-12
109.0,3,Pennsylvania,20,54,39,,Apr 20,,,,,,,,Marist Coll.-3
 95.5,4,Pennsylvania,20,44,44,,Apr 07,,,,,,,,Anderson Robbins + Shaw-4
 91.5,6,Pennsylvania,20,45,42,,Apr 04,,,,,,,,Quinnipiac U.-6
 76.0,7,Pennsylvania,20,46,33,,Mar 20,,,,,,,,Franklin+Marshall Coll.-7
 65.0,11,Pennsylvania,20,43,35,,Mar 11,,,,,,,,Mercyhurst U.-11
 46.0,29,Pennsylvania,20,43,42,,Feb 29,,,,,,,,Morning Consult-29
  1.0,1,Pennsylvania,20,52,47,,Jan 01,,,,,,,,Election 2012-1
335.0,1,Rhode Island,4,55,40,03,Dec 01,,,,,,,,2016 Election results-1
307.0,7,Rhode Island,4,49,36,07,Nov 06,,,,,,,,SurveyMonkey-7
300.0,7,Rhode Island,4,49,36,08,Oct 30,,,,,,,,SurveyMonkey-7
276.0,3,Rhode Island,4,52,32,05,Oct 04,,,,,,,,Emerson Coll.-3
246.5,4,Rhode Island,4,44,41,08,Sep 05,,,,,,,,Emerson Coll.-4
232.5,24,Rhode Island,4,41,33,15,Sep 01,,,,,,,,SurveyMonkey-24
136.0,31,Rhode Island,4,47,36,,May 31,,,,,,,,Morning Consult-31
 46.0,29,Rhode Island,4,49,36,,Feb 29,,,,,,,,Morning Consult-29
  1.0,1,Rhode Island,4,63,36,,Jan 01,,,,,,,,Election 2012-1
335.0,1,South Carolina,9,40,56,02,Dec 01,,,,,,,,2016 Election results-1
307.0,7,South Carolina,9,44,46,06,Nov 06,,,,,,,,SurveyMonkey-7
300.0,7,South Carolina,9,42,46,06,Oct 30,,,,,,,,SurveyMonkey-7
265.0,9,South Carolina,9,38,42,06,Sep 26,,,,,,,,Winthrop U.-9
252.0,7,South Carolina,9,38,53,03,Sep 12,,,,,,,,Trafalgar Group-7
232.5,24,South Carolina,9,38,45,10,Sep 01,,,,,,,,SurveyMonkey-24
228.0,3,South Carolina,9,37,41,07,Aug 17,,,,,,,,Gravis-3
221.5,2,South Carolina,9,39,41,05,Aug 10,,,,,,,,PPP-2
136.0,31,South Carolina,9,37,46,,May 31,,,,,,,,Morning Consult-31
 46.0,29,South Carolina,9,36,47,,Feb 29,,,,,,,,Morning Consult-29
  1.0,1,South Carolina,9,44,55,,Jan 01,,,,,,,,Election 2012-1
335.0,1,South Dakota,3,32,62,06,Dec 01,,,,,,,,2016 Election results-1
307.0,7,South Dakota,3,31,53,12,Nov 06,,,,,,,,SurveyMonkey-7
300.0,7,South Dakota,3,29,55,12,Oct 30,,,,,,,,SurveyMonkey-7
298.0,3,South Dakota,3,35,49,07,Oct 26,,,,,,,,Nielson Bros.-3
292.0,3,South Dakota,3,37,44,07,Oct 20,,,,,,,,Mason Dixon-3
232.5,24,South Dakota,3,29,43,19,Sep 01,,,,,,,,SurveyMonkey-24
136.0,31,South Dakota,3,32,47,,May 31,,,,,,,,Morning Consult-31
 46.0,29,South Dakota,3,38,45,,Feb 29,,,,,,,,Morning Consult-29
  1.0,1,South Dakota,3,40,58,,Jan 01,,,,,,,,Election 2012-1
335.0,1,Tennessee,11,35,61,03,Dec 01,,,,,,,,2016 Election results-1
307.0,7,Tennessee,11,40,49,06,Nov 06,,,,,,,,SurveyMonkey-7
300.0,7,Tennessee,11,39,51,05,Oct 30,,,,,,,,SurveyMonkey-7
273.0,5,Tennessee,11,36,48,04,Oct 02,,,,,,,,Middle Tenn. State U.-5
268.5,14,Tennessee,11,33,44,07,Oct 02,,,,,,,,Princeton Survey-14
232.5,24,Tennessee,11,31,51,10,Sep 01,,,,,,,,SurveyMonkey-24
210.0,5,Tennessee,11,30,47,07,Jul 31,,,,,,,,iCitizen-5
136.0,31,Tennessee,11,33,49,,May 31,,,,,,,,Morning Consult-31
123.0,17,Tennessee,11,35,44,,May 11,,,,,,,,Princeton Survey-17
 46.0,29,Tennessee,11,34,50,,Feb 29,,,,,,,,Morning Consult-29
  1.0,1,Tennessee,11,39,60,,Jan 01,,,,,,,,Election 2012-1
335.0,1,Texas,38,43,53,03,Dec 01,,,,,,,,2016 Election results-1
307.0,7,Texas,38,42,47,06,Nov 06,,,,,,,,SurveyMonkey-7
304.5,2,Texas,38,35,49,05,Nov 01,,,,,,,,Emerson Coll.-2
304.0,3,Texas,38,40,49,06,Nov 01,,,,,,,,Marist Coll.-3
300.0,7,Texas,38,42,46,07,Oct 30,,,,,,,,SurveyMonkey-7
296.0,3,Texas,38,38,45,07,Oct 24,,,,,,,,Pulse Opinion Research-3
293.5,2,Texas,38,43,46,05,Oct 21,,,,,,,,YouGov-2
291.5,10,Texas,38,42,45,07,Oct 23,,,,,,,,U. of Texas-10
285.0,9,Texas,38,42,44,08,Oct 16,,,,,,,,SurveyMonkey-9
284.0,3,Texas,38,43,47,03,Oct 12,,,,,,,,SurveyUSA-3
284.0,9,Texas,38,38,41,04,Oct 15,,,,,,,,U. of Houston-9
251.5,4,Texas,38,36,42,10,Sep 10,,,,,,,,Emerson Coll.-4
249.0,11,Texas,38,32,39,09,Sep 11,,,,,,,,Texas Lyceum-11
232.5,24,Texas,38,40,40,11,Sep 01,,,,,,,,SurveyMonkey-24
225.0,3,Texas,38,38,44,06,Aug 14,,,,,,,,PPP-3
220.5,2,Texas,38,35,46,,Aug 09,,,,,,,,Dixie Strategies-2
166.0,11,Texas,38,32,39,07,Jun 20,,,,,,,,U. of Texas-11
165.5,10,Texas,38,33,41,,Jun 19,,,,,,,,YouGov-10
136.0,31,Texas,38,38,44,,May 31,,,,,,,,Morning Consult-31
 46.0,29,Texas,38,39,44,,Feb 29,,,,,,,,Morning Consult-29
  1.0,1,Texas,38,41,57,,Jan 01,,,,,,,,Election 2012-1
335.0,1,Utah,6,29,45,22,Dec 01,,,,,,,,2016 Election results-1
308.0,3,Utah,6,23,40,07,Nov 05,,,,,,,,YouGov-3
307.0,7,Utah,6,31,34,06,Nov 06,,,,,,,,SurveyMonkey-7
305.5,2,Utah,6,20,40,03,Nov 02,,,,,,,,Emerson Coll.-2
304.5,4,Utah,6,31,37,04,Nov 02,,,,,,,,Monmouth U.-4
303.0,3,Utah,6,31,42,03,Oct 31,,,,,,,,Rasmussen-3
300.0,7,Utah,6,30,33,,Oct 30,,,,,,,,SurveyMonkey-7
296.5,2,Utah,6,28,32,04,Oct 24,,,,,,,,Rasmussen-2
296.5,8,Utah,6,24,32,04,Oct 27,,,,,,,,Dan Jones-8
291.0,3,Utah,6,24,27,05,Oct 19,,,,,,,,Emerson Coll.-3
288.0,7,Utah,6,25,30,05,Oct 18,,,,,,,,Dan Jones-7
286.0,3,Utah,6,20,37,07,Oct 14,,,,,,,,YouGov-3
284.0,3,Utah,6,28,34,09,Oct 12,,,,,,,,Monmouth U.-3
248.0,9,Utah,6,24,39,13,Sep 09,,,,,,,,Dan Jones-9
232.5,24,Utah,6,27,34,23,Sep 01,,,,,,,,SurveyMonkey-24
232.0,3,Utah,6,24,39,12,Aug 21,,,,,,,,PPP-3
207.5,18,Utah,6,25,37,16,Aug 04,,,,,,,,Dan Jones-18
163.5,10,Utah,6,27,36,10,Jun 17,,,,,,,,Dan Jones-10
156.0,7,Utah,6,35,35,13,Jun 08,,,,,,,,SurveyUSA-7
151.5,2,Utah,6,26,29,16,Jun 01,,,,,,,,Gravis-2
136.0,31,Utah,6,33,45,,May 31,,,,,,,,Morning Consult-31
126.0,9,Utah,6,30,43,,May 10,,,,,,,,Dan Jones-9
 70.5,8,Utah,6,38,36,,Mar 15,,,,,,,,Dan Jones-8
 46.0,29,Utah,6,31,46,,Feb 29,,,,,,,,Morning Consult-29
  1.0,1,Utah,6,25,73,,Jan 01,,,,,,,,Election 2012-1
335.0,1,Vermont,3,61,33,04,Dec 01,,,,,,,,2016 Election results-1
307.0,7,Vermont,3,60,27,06,Nov 06,,,,,,,,SurveyMonkey-7
300.0,7,Vermont,3,51,25,,Oct 30,,,,,,,,SurveyMonkey-7
293.5,4,Vermont,3,50,22,07,Oct 22,,,,,,,,Braun Research-4
279.5,16,Vermont,3,45,17,04,Oct 14,,,,,,,,Castleton State Coll.-16
246.5,4,Vermont,3,47,26,13,Sep 05,,,,,,,,Emerson Coll.-4
232.5,24,Vermont,3,45,24,11,Sep 01,,,,,,,,SurveyMonkey-24
198.0,13,Vermont,3,39,17,05,Jul 23,,,,,,,,Castleton State Coll.-13
136.0,31,Vermont,3,49,32,,May 31,,,,,,,,Morning Consult-31
 46.0,29,Vermont,3,55,31,,Feb 29,,,,,,,,Morning Consult-29
  1.0,1,Vermont,3,67,31,,Jan 01,,,,,,,,Election 2012-1
335.0,1,Virginia,13,50,45,03,Dec 01,,,,,,,,2016 Election results-1
307.5,2,Virginia,13,48,43,04,Nov 04,,,,,,,,PPP-2
307.5,6,Virginia,13,48,42,03,Nov 06,,,,,,,,Christopher Newport U.-6
307.0,7,Virginia,13,49,39,07,Nov 06,,,,,,,,SurveyMonkey-7
303.5,4,Virginia,13,45,38,05,Nov 01,,,,,,,,Roanoke Coll.-4
302.0,3,Virginia,13,49,45,03,Oct 30,,,,,,,,Emerson Coll.-3
301.5,4,Virginia,13,48,42,06,Oct 30,,,,,,,,George Mason U.-4
301.0,5,Virginia,13,41,44,,Oct 30,,,,,,,,Hampton U.-5
300.0,7,Virginia,13,48,39,08,Oct 30,,,,,,,,SurveyMonkey-7
299.5,8,Virginia,13,44,39,05,Oct 30,,,,,,,,Winthrop U.-8
297.5,4,Virginia,13,46,39,05,Oct 26,,,,,,,,Christopher Newport U.-4
296.0,7,Virginia,13,50,38,04,Oct 26,,,,,,,,Quinnipiac-7
290.5,4,Virginia,13,45,33,08,Oct 19,,,,,,,,Christopher Newport U.-4
285.5,4,Virginia,13,44,29,11,Oct 14,,,,,,,,Christopher Newport U.-4
285.0,9,Virginia,13,49,38,08,Oct 16,,,,,,,,SurveyMonkey-9
284.0,3,Virginia,13,46,43,06,Oct 12,,,,,,,,Emerson Coll.-3
277.0,5,Virginia,13,45,36,07,Oct 06,,,,,,,,Roanoke Coll.-5
273.0,5,Virginia,13,46,34,,Oct 02,,,,,,,,Hampton U.-5
271.5,4,Virginia,13,42,35,12,Sep 30,,,,,,,,Christopher Newport U.-4
270.5,2,Virginia,13,46,40,07,Sep 28,,,,,,,,PPP-2
265.0,3,Virginia,13,45,37,07,Sep 23,,,,,,,,YouGov-3
262.0,9,Virginia,13,39,33,15,Sep 23,,,,,,,,Christopher Newport U.-9
260.0,9,Virginia,13,45,39,08,Sep 21,,,,,,,,Quinnipiac U.-9
258.5,10,Virginia,13,44,37,08,Sep 20,,,,,,,,Roanoke Coll.-10
253.0,3,Virginia,13,45,39,06,Sep 11,,,,,,,,PPP-3
252.0,7,Virginia,13,40,37,08,Sep 12,,,,,,,,U. of Mary Washington-7
243.0,3,Virginia,13,44,43,11,Sep 01,,,,,,,,Emerson Coll.-3
238.0,5,Virginia,13,43,41,,Aug 28,,,,,,,,Hampton U.-5
232.5,24,Virginia,13,43,36,13,Sep 01,,,,,,,,SurveyMonkey-24
224.5,4,Virginia,13,46,39,09,Aug 14,,,,,,,,Washington Post-4
224.5,8,Virginia,13,45,34,11,Aug 16,,,,,,,,Quinnipiac U.-8
224.0,11,Virginia,13,48,32,08,Aug 17,,,,,,,,Roanoke Coll.-11
219.0,7,Virginia,13,43,31,12,Aug 10,,,,,,,,Marist Coll.-7
215.5,4,Virginia,13,49,37,07,Aug 05,,,,,,,,YouGov-4
207.5,2,Virginia,13,42,46,07,Jul 27,,,,,,,,RABA Research-2
191.5,4,Virginia,13,39,34,10,Jul 12,,,,,,,,Anderson Robbins + Shaw-4
189.0,5,Virginia,13,39,39,,Jul 10,,,,,,,,Hampton U.-5
189.0,7,Virginia,13,41,34,10,Jul 11,,,,,,,,Marist Coll.-7
165.0,3,Virginia,13,42,39,06,Jun 15,,,,,,,,PPP-3
144.0,1,Virginia,13,44,38,06,May 24,,,,,,,,Gravis-1
136.0,31,Virginia,13,44,39,,May 31,,,,,,,,Morning Consult-31
133.0,9,Virginia,13,38,38,,May 17,,,,,,,,Roanoke Coll.-9
 87.5,12,Virginia,13,44,35,,Apr 03,,,,,,,,Christopher Newport U.-12
 46.0,29,Virginia,13,45,40,,Feb 29,,,,,,,,Morning Consult-29
 22.0,9,Virginia,13,52,35,,Jan 26,,,,,,,,Roanoke Coll.-9
  1.0,1,Virginia,13,51,48,,Jan 01,,,,,,,,Election 2012-1
335.0,1,Washington,12,56,38,04,Dec 01,,,,,,,,2016 Election results-1
307.0,7,Washington,12,51,34,07,Nov 06,,,,,,,,SurveyMonkey-7
305.0,3,Washington,12,50,38,04,Nov 02,,,,,,,,SurveyUSA-3
300.0,7,Washington,12,53,34,08,Oct 30,,,,,,,,SurveyMonkey-7
294.0,3,Washington,12,48,31,01,Oct 22,,,,,,,,Elway Poll-3
282.5,8,Washington,12,53,39,,Oct 13,,,,,,,,YouGov-8
274.0,5,Washington,12,47,31,10,Oct 03,,,,,,,,Strategies 360-5
268.5,2,Washington,12,44,38,07,Sep 26,,,,,,,,Emerson Coll.-2
232.5,24,Washington,12,41,31,16,Sep 01,,,,,,,,SurveyMonkey-24
223.0,5,Washington,12,43,24,07,Aug 13,,,,,,,,Elway Poll-5
165.5,2,Washington,12,49,37,,Jun 15,,,,,,,,PPP-2
136.0,31,Washington,12,48,34,,May 31,,,,,,,,Morning Consult-31
 46.0,29,Washington,12,48,34,,Feb 29,,,,,,,,Morning Consult-29
  1.0,1,Washington,12,56,42,,Jan 01,,,,,,,,Election 2012-1
335.0,1,West Virginia,5,27,69,03,Dec 01,,,,,,,,2016 Election results-1
307.0,7,West Virginia,5,27,57,08,Nov 06,,,,,,,,SurveyMonkey-7
300.0,7,West Virginia,5,27,59,,Oct 30,,,,,,,,SurveyMonkey-7
232.5,24,West Virginia,5,27,52,12,Sep 01,,,,,,,,SurveyMonkey-24
230.5,20,West Virginia,5,31,49,10,Aug 28,,,,,,,,R.L. Repass-20
136.0,31,West Virginia,5,28,56,,May 31,,,,,,,,Morning Consult-31
 46.0,29,West Virginia,5,29,54,,Feb 29,,,,,,,,Morning Consult-29
  1.0,1,West Virginia,5,36,62,,Jan 01,,,,,,,,Election 2012-1
335.0,1,Wisconsin,10,46,49,04,Dec 01,,,,,,,,2016 Election results-1
307.0,7,Wisconsin,10,44,43,07,Nov 06,,,,,,,,SurveyMonkey-7
304.5,2,Wisconsin,10,44,38,07,Nov 01,,,,,,,,Loras Coll.-2
304.5,2,Wisconsin,10,48,41,,Nov 01,,,,,,,,PPP-2
301.5,6,Wisconsin,10,46,40,04,Oct 31,,,,,,,,Marquette Law School-6
300.5,2,Wisconsin,10,48,42,09,Oct 28,,,,,,,,Emerson Coll.-2
300.0,7,Wisconsin,10,45,41,08,Oct 30,,,,,,,,SurveyMonkey-7
291.5,2,Wisconsin,10,50,38,,Oct 19,,,,,,,,PPP-2
289.5,4,Wisconsin,10,47,40,06,Oct 18,,,,,,,,Monmouth U.-4
287.5,4,Wisconsin,10,47,39,01,Oct 16,,,,,,,,St. Norbert Coll.-4
285.0,9,Wisconsin,10,43,38,12,Oct 16,,,,,,,,SurveyMonkey-9
280.5,4,Wisconsin,10,44,37,09,Oct 09,,,,,,,,Marquette Law School-4
279.0,3,Wisconsin,10,43,39,04,Oct 07,,,,,,,,YouGov-3
277.5,2,Wisconsin,10,43,35,08,Oct 05,,,,,,,,Loras Coll.-2
262.5,2,Wisconsin,10,45,38,11,Sep 20,,,,,,,,Emerson Coll.-2
259.5,4,Wisconsin,10,41,38,11,Sep 18,,,,,,,,Marquette Law School-4
240.5,4,Wisconsin,10,43,38,07,Aug 30,,,,,,,,Monmouth U.-4
238.5,2,Wisconsin,10,48,41,,Aug 27,,,,,,,,PPP-2
238.5,4,Wisconsin,10,41,38,10,Aug 28,,,,,,,,Marquette Law School-4
232.5,24,Wisconsin,10,39,37,13,Sep 01,,,,,,,,SurveyMonkey-24
217.5,4,Wisconsin,10,42,33,10,Aug 07,,,,,,,,Marquette Law School-4
189.5,4,Wisconsin,10,43,37,08,Jul 10,,,,,,,,Marquette Law School-4
173.5,2,Wisconsin,10,47,39,,Jun 23,,,,,,,,PPP-2
173.5,4,Wisconsin,10,41,36,,Jun 24,,,,,,,,YouGov-4
161.5,4,Wisconsin,10,46,37,,Jun 12,,,,,,,,PPP-4
158.5,4,Wisconsin,10,46,37,,Jun 09,,,,,,,,Marquette Law School-4
136.0,31,Wisconsin,10,41,39,,May 31,,,,,,,,Morning Consult-31
103.5,4,Wisconsin,10,46,34,,Apr 15,,,,,,,,St. Norbert Coll.-4
 91.0,5,Wisconsin,10,47,37,,Apr 03,,,,,,,,Emerson Coll.-5
 88.0,3,Wisconsin,10,49,35,,Mar 30,,,,,,,,Anderson Robbins + Shaw-3
 85.0,5,Wisconsin,10,47,37,,Mar 28,,,,,,,,Marquette Law School-5
 50.5,4,Wisconsin,10,48,39,,Feb 21,,,,,,,,Marquette Law School-4
 46.0,29,Wisconsin,10,43,38,,Feb 29,,,,,,,,Morning Consult-29
 22.5,4,Wisconsin,10,48,38,,Jan 24,,,,,,,,Marquette Law School-4
  1.0,1,Wisconsin,10,53,46,,Jan 01,,,,,,,,Election 2012-1
335.0,1,Wyoming,3,23,70,05,Dec 01,,,,,,,,2016 Election results-1
300.0,7,Wyoming,3,23,62,08,Oct 30,,,,,,,,SurveyMonkey-7
281.0,7,Wyoming,3,20,58,09,Oct 11,,,,,,,,U. of Wyoming-7
251.5,6,Wyoming,3,19,54,10,Sep 11,,,,,,,,DFM Research-6
232.5,24,Wyoming,3,21,57,15,Sep 01,,,,,,,,SurveyMonkey-24
136.0,31,Wyoming,3,25,59,,May 31,,,,,,,,Morning Consult-31
 46.0,29,Wyoming,3,27,55,,Feb 29,,,,,,,,Morning Consult-29
  1.0,1,Wyoming,3,28,69,,Jan 01,,,,,,,,Election 2012-1
