"id";"Day";"Len";"State";"EV";"Dem";"GOP";"Ind";"Date";"Pollster"
1;275.5;4;"Alabama";9;37;57;"";"Oct-03";"Auburn U. at Montgomery-4"
2;210.5;10;"Alabama";9;36;58;"";"Aug-02";"Morning Consult-10"
3;187.5;8;"Alabama";9;41;55;"";"Jul-09";"Auburn U. at Montgomery-8"
4;36.0;3;"Alabama";9;38;58;"";"Feb-06";"Mason-Dixon-3"
5;273.5;10;"Alaska";3;46;50;"";"Oct-04";"Alaska Survey Research-10"
6;205.5;2;"Alaska";3;44;50;"";"Jul-24";"PPP-2"
7;189.5;2;"Alaska";3;45;48;"";"Jul-08";"PPP-2"
8;182.0;15;"Alaska";3;48;49;"";"Jul-07";"Alaska Survey Research-15"
9;279.5;4;"Arizona";11;49;43;"";"Oct-07";"Redfield and Wilton Strategies-4"
10;277.0;9;"Arizona";11;48;46;"";"Oct-07";"Ipsos-9"
11;276.0;3;"Arizona";11;49;41;"";"Oct-03";"Siena Coll.-3"
12;276.0;9;"Arizona";11;48;45;"";"Oct-06";"Latino Decisions-9"
13;275.5;8;"Arizona";11;46;45;"";"Oct-05";"High Ground Inc.-8"
14;272.0;5;"Arizona";11;50;46;"";"Sep-30";"Suffolk U.-5"
15;270.5;6;"Arizona";11;49;45;"";"Sep-29";"Strategies 360-6"
16;268.5;4;"Arizona";11;47;44;"";"Sep-26";"Redfield and Wilton Strategies-4"
17;261.5;6;"Arizona";11;48;49;"";"Sep-20";"Langer Research-6"
18;258.0;5;"Arizona";11;47;42;"";"Sep-16";"Redfield and Wilton Strategies-5"
19;258.0;7;"Arizona";11;47;46;"";"Sep-17";"Ipsos-7"
20;257.0;5;"Arizona";11;48;46;"";"Sep-15";"Monmouth U.-5"
21;256.5;6;"Arizona";11;49;40;"";"Sep-15";"Siena Coll.-6"
22;254.0;3;"Arizona";11;47;44;"";"Sep-11";"YouGov-3"
23;253.0;3;"Arizona";11;52;42;"";"Sep-10";"OH Predictive Insights-3"
24;249.5;16;"Arizona";11;45;40;"";"Sep-13";"Kaiser/Cook-16"
25;246.5;12;"Arizona";11;48;47;"";"Sep-08";"Benenson Strategy/GS Strategy-12"
26;245.5;6;"Arizona";11;48;43;"";"Sep-04";"Redfield and Wilton Strategies-6"
27;243.5;4;"Arizona";11;49;40;"";"Sep-01";"Fox News-4"
28;238.5;10;"Arizona";11;52;42;"";"Aug-30";"Morning Consult-10"
29;230.0;3;"Arizona";11;47;38;"";"Aug-18";"Redfield and Wilton Strategies-3"
30;222.0;3;"Arizona";11;53;47;"";"Aug-10";"Emerson Coll.-3"
31;216.5;2;"Arizona";11;49;45;"";"Aug-04";"OH Predictive Insights-2"
32;203.5;10;"Arizona";11;49;42;"";"Jul-26";"Morning Consult-10"
33;203.0;5;"Arizona";11;46;38;"";"Jul-23";"Redfield and Wilton Strategies-5"
34;203.0;7;"Arizona";11;49;45;"";"Jul-24";"SSRS-7"
35;200.0;9;"Arizona";11;50;45;"";"Jul-22";"Marist Coll.-9"
36;199.5;2;"Arizona";11;49;45;"";"Jul-18";"PPP-2"
37;190.5;4;"Arizona";11;46;46;"";"Jul-10";"YouGov-4"
38;188.5;2;"Arizona";11;49;44;"";"Jul-07";"OH Predictive Insights-2"
39;167.5;4;"Arizona";11;43;39;"";"Jun-17";"Redfield and Wilton Strategies-4"
40;166.0;3;"Arizona";11;49;45;"";"Jun-15";"Civiqs-3"
41;164.0;9;"Arizona";11;48;41;"";"Jun-16";"Siena Coll.-9"
42;152.5;4;"Arizona";11;46;42;"";"Jun-02";"Fox News-4"
43;141.0;5;"Arizona";11;47;45;"";"May-22";"High Ground Inc.-5"
44;133.0;5;"Arizona";11;45;41;"";"May-14";"Redfield and Wilton Strategies-5"
45;131.0;3;"Arizona";11;50;43;"";"May-11";"OH Predictive Insights-3"
46;98.5;2;"Arizona";11;52;43;"";"Apr-08";"OH Predictive Insights-2"
47;72.5;4;"Arizona";11;46;43;"";"Mar-14";"Monmouth U.-4"
48;72.5;6;"Arizona";11;47;46;"";"Mar-15";"Marist Coll.-6"
49;68.5;6;"Arizona";11;50;42;"";"Mar-11";"Latino Decisions-6"
50;63.5;2;"Arizona";11;49;43;"";"Mar-04";"OH Predictive Insights-2"
51;62.5;2;"Arizona";11;48;47;"";"Mar-03";"PPP-2"
52;44.0;5;"Arizona";11;42;46;"";"Feb-15";"Climate Nexus-5"
53;3.0;3;"Arizona";11;46;46;"";"Jan-04";"PPP-3"
54;161.5;2;"Arkansas";6;45;47;"";"Jun-10";"Hendrix Coll.-2"
55;271.0;3;"California";55;59;32;"";"Sep-28";"SurveyUSA-3"
56;264.0;3;"California";55;62;28;"";"Sep-21";"Redfield and Wilton Strategies-3"
57;256.0;7;"California";55;67;28;"";"Sep-15";"U. of Calif. at Berkeley-7"
58;252.5;10;"California";55;60;31;"";"Sep-13";"Public Policy Inst. of Calif.-10"
59;225.0;1;"California";55;56;28;"";"Aug-12";"SurveyUSA-1"
60;222.0;1;"California";55;61;25;"";"Aug-09";"Redfield and Wilton Strategies-1"
61;206.0;7;"California";55;67;28;"";"Jul-27";"U.C. Berkeley-7"
62;142.5;10;"California";55;57;33;"";"May-26";"Public Policy Inst. of Calif.-10"
63;139.5;2;"California";55;58;30;"";"May-19";"SurveyUSA-2"
64;129.5;2;"California";55;65;35;"";"May-09";"Emerson Coll.-2"
65;88.5;2;"California";55;67;29;"";"Mar-29";"PPP-2"
66;58.5;8;"California";55;62;26;"";"Mar-02";"AtlasIntel-8"
67;58.0;3;"California";55;59;31;"";"Feb-28";"YouGov-3"
68;55.0;5;"California";55;60;35;"";"Feb-26";"SSRS-5"
69;53.5;6;"California";55;58;31;"";"Feb-25";"U. of California-6"
70;45.5;4;"California";55;57;37;"";"Feb-16";"SurveyUSA-4"
71;39.0;15;"California";55;60;30;"";"Feb-15";"YouGov-15"
72;15.0;3;"California";55;59;35;"";"Jan-16";"SurveyUSA-3"
73;277.5;6;"Colorado";9;50;40;"";"Oct-06";"SurveyUSA-6"
74;246.0;7;"Colorado";9;50;40;"";"Sep-05";"Fabrizio Ward/Hart Research-7"
75;238.5;10;"Colorado";9;51;41;"";"Aug-30";"Morning Consult-10"
76;205.5;2;"Colorado";9;54;41;"";"Jul-24";"PPP-2"
77;203.5;10;"Colorado";9;52;39;"";"Jul-26";"Morning Consult-10"
78;181.5;2;"Colorado";9;56;39;"";"Jun-30";"PPP-2"
79;130.0;5;"Colorado";9;53;40;"";"May-11";"Global Strategy-5"
80;105.5;10;"Colorado";9;53;35;"";"Apr-19";"Montana State U.-10"
81;48.0;5;"Colorado";9;46;43;"";"Feb-19";"Climate Nexus-5"
82;142.5;6;"Connecticut";7;52;32;"";"May-24";"SurveyUSA-6"
83;123.0;5;"Connecticut";7;56;33;"";"May-04";"Quinnipiac U.-5"
84;89.0;11;"Connecticut";7;47;34;"";"Apr-03";"Sacred Heart U.-11"
85;63.5;18;"Connecticut";7;52;36;"";"Mar-12";"Sacred Heart U.-18"
86;2.0;1;"D.C.";3;93;4;"";"Jan-02";"Election 2016-1"
87;268.0;7;"Delaware";3;54;33;"";"Sep-27";"U. of Delaware-7"
88;234.5;2;"Delaware";3;58;37;"";"Aug-22";"PPP-2"
89;17.5;4;"Delaware";3;56;40;"";"Jan-19";"Gonzales Research-4"
90;279.0;3;"Florida";29;49;44;"";"Oct-06";"Redfield and Wilton Strategies-3"
91;277.0;5;"Florida";29;51;40;"";"Oct-05";"Quinnipiac U.-5"
92;277.0;9;"Florida";29;49;45;"";"Oct-07";"Ipsos-9"
93;276.5;4;"Florida";29;45;45;"";"Oct-04";"Suffolk U.-4"
94;276.5;4;"Florida";29;51;45;"";"Oct-04";"U. of North Florida-4"
95;274.5;2;"Florida";29;47;42;"";"Oct-01";"Siena Coll.-2"
96;273.5;6;"Florida";29;50;44;"";"Oct-02";"St. Leo University-6"
97;268.0;3;"Florida";29;48;43;"";"Sep-25";"Redfield and Wilton Strategies-3"
98;265.5;2;"Florida";29;50;47;"";"Sep-22";"St. Pete polls-2"
99;261.5;6;"Florida";29;47;51;"";"Sep-20";"Langer Research-6"
100;260.5;4;"Florida";29;48;46;"";"Sep-18";"YouGov-4"
101;257.5;6;"Florida";29;47;47;"";"Sep-16";"Ipsos-6"
102;257.0;3;"Florida";29;47;44;"";"Sep-14";"Redfield and Wilton Strategies-3"
103;255.5;2;"Florida";29;50;50;"";"Sep-12";"Florida Atlantic U.-2"
104;255.5;4;"Florida";29;50;45;"";"Sep-13";"Monmouth U.-4"
105;251.5;2;"Florida";29;50;47;"";"Sep-08";"St. Pete polls-2"
106;249.5;16;"Florida";29;43;42;"";"Sep-13";"Kaiser/Cook-16"
107;247.5;10;"Florida";29;48;46;"";"Sep-08";"Benenson Strategy/GS Strategy-10"
108;247.0;7;"Florida";29;48;48;"";"Sep-06";"Marist Coll.-7"
109;245.0;5;"Florida";29;47;44;"";"Sep-03";"Redfield and Wilton Strategies-5"
110;243.0;5;"Florida";29;48;45;"";"Sep-01";"Quinnipiac U.-5"
111;238.5;10;"Florida";29;49;47;"";"Aug-30";"Morning Consult-10"
112;236.5;6;"Florida";29;50;43;"";"Aug-26";"Opinium-6"
113;234.5;2;"Florida";29;48;44;"";"Aug-22";"PPP-2"
114;229.0;1;"Florida";29;49;41;"";"Aug-16";"Redfield and Wilton Strategies-1"
115;204.0;3;"Florida";29;43;43;"";"Jul-23";"Zogby Analytics-3"
116;203.5;4;"Florida";29;50;46;"";"Jul-23";"Mason Dixon-4"
117;203.5;10;"Florida";29;49;46;"";"Jul-26";"Morning Consult-10"
118;203.0;7;"Florida";29;51;46;"";"Jul-24";"SSRS-7"
119;202.0;3;"Florida";29;48;41;"";"Jul-21";"Redfield and Wilton Strategies-3"
120;200.0;5;"Florida";29;51;38;"";"Jul-20";"Quinnipiac U.-5"
121;195.5;2;"Florida";29;50;44;"";"Jul-14";"St. Pete polls-2"
122;190.5;4;"Florida";29;48;42;"";"Jul-10";"YouGov-4"
123;173.5;4;"Florida";29;49;40;"";"Jun-23";"Fox News-4"
124;166.5;2;"Florida";29;45;41;"";"Jun-15";"Redfield and Wilton Strategies-2"
125;165.0;11;"Florida";29;47;41;"";"Jun-18";"Siena Coll.-11"
126;162.0;3;"Florida";29;51;40;"";"Jun-11";"TIPP-3"
127;147.5;2;"Florida";29;48;47;"";"May-27";"St. Pete Polls-2"
128;145.0;13;"Florida";29;47;44;"";"May-30";"Cygnal-13"
129;133.0;5;"Florida";29;45;43;"";"May-14";"Redfield and Wilton Strategies-5"
130;131.0;5;"Florida";29;53;47;"";"May-12";"Florida Atlantic U.-5"
131;110.5;4;"Florida";29;46;43;"";"Apr-21";"Fox News-4"
132;109.0;5;"Florida";29;46;42;"";"Apr-20";"Quinnipiac U.-5"
133;107.5;2;"Florida";29;48;48;"";"Apr-17";"St. Pete Polls-2"
134;93.0;5;"Florida";29;46;40;"";"Apr-04";"U. of North Florida-5"
135;75.0;3;"Florida";29;45;45;"";"Mar-16";"AtlasIntel-3"
136;69.0;7;"Florida";29;45;48;"";"Mar-12";"Latino Decisions-7"
137;66.0;3;"Florida";29;49;51;"";"Mar-07";"Florida Atlantic U.-3"
138;45.0;9;"Florida";29;49;48;"";"Feb-18";"U. of North Florida-9"
139;10.5;4;"Florida";29;51;49;"";"Jan-12";"Florida Atlantic U.-4"
140;282.5;2;"Georgia";16;47;46;"";"Oct-09";"PPP-2"
141;275.5;10;"Georgia";16;46;48;"";"Oct-06";"U. of Georgia.-10"
142;271.5;4;"Georgia";16;50;47;"";"Sep-29";"Civiqs-4"
143;269.0;5;"Georgia";16;50;47;"";"Sep-27";"Quinnipiac U.-5"
144;268.5;4;"Georgia";16;45;44;"";"Sep-26";"Redfield and Wilton Strategies-4"
145;267.5;4;"Georgia";16;46;47;"";"Sep-25";"YouGov-4"
146;263.0;5;"Georgia";16;46;48;"";"Sep-21";"Monmouth U.-5"
147;262.5;6;"Georgia";16;45;45;"";"Sep-21";"Siena Coll.-6"
148;259.5;10;"Georgia";16;47;47;"";"Sep-20";"U. of Georgia-10"
149;258.0;5;"Georgia";16;45;46;"";"Sep-16";"Redfield and Wilton Strategies-5"
150;246.0;7;"Georgia";16;47;46;"";"Sep-05";"Fabrizio Ward/Hart Research-7"
151;238.5;10;"Georgia";16;49;46;"";"Aug-30";"Morning Consult-10"
152;238.0;11;"Georgia";16;52;46;"";"Aug-30";"HarrisX-11"
153;237.5;2;"Georgia";16;47;46;"";"Aug-25";"PPP-2"
154;220.0;3;"Georgia";16;46;44;"";"Aug-08";"SurveyUSA-3"
155;211.5;4;"Georgia";16;46;45;"";"Jul-31";"YouGov-4"
156;207.0;5;"Georgia";16;47;48;"";"Jul-27";"Monmouth U.-5"
157;205.5;2;"Georgia";16;46;45;"";"Jul-24";"PPP-2"
158;203.5;10;"Georgia";16;47;46;"";"Jul-26";"Morning Consult-10"
159;177.5;2;"Georgia";16;49;45;"";"Jun-26";"PPP-2"
160;173.5;4;"Georgia";16;47;45;"";"Jun-23";"Fox News-4"
161;164.5;2;"Georgia";16;48;46;"";"Jun-13";"PPP-2"
162;145.0;7;"Georgia";16;40;44;"";"May-27";"TargetSmart-7"
163;138.0;3;"Georgia";16;48;47;"";"May-18";"Civiqs-3"
164;117.0;3;"Georgia";16;44;45;"";"Apr-27";"Cygnal-3"
165;58.5;8;"Georgia";16;43;51;"";"Mar-02";"U. of Georgia-8"
166;2.0;1;"Hawaii";4;65;28;"";"Jan-02";"Election 2016-1"
167;2.0;1;"Idaho";4;29;58;"";"Jan-02";"Election 2016-1"
168;268.5;4;"Illinois";20;53;40;"";"Sep-26";"Victory Research-4"
169;210.5;10;"Indiana";11;38;55;"";"Aug-02";"Morning Consult-10"
170;143.0;3;"Indiana";11;39;49;"";"May-23";"Victoria Research-3"
171;102.5;4;"Indiana";11;39;52;"";"Apr-13";"Change Research-4"
172;278.5;4;"Iowa";6;48;47;"";"Oct-06";"Civiqs-4"
173;277.0;5;"Iowa";6;50;45;"";"Oct-05";"Quinnipiac U.-5"
174;268.5;4;"Iowa";6;48;46;"";"Sep-26";"RABA Research-4"
175;264.0;5;"Iowa";6;46;49;"";"Sep-22";"Monmouth U.-5"
176;263.0;7;"Iowa";6;45;42;"";"Sep-22";"Siena Coll.-7"
177;259.5;4;"Iowa";6;47;47;"";"Sep-17";"Selzer-4"
178;246.0;7;"Iowa";6;45;47;"";"Sep-05";"Fabrizio Ward/Hart Research-7"
179;214.0;5;"Iowa";6;46;48;"";"Aug-03";"Monmouth U.-5"
180;210.5;4;"Iowa";6;40;41;"";"Jul-30";"RMG Research-4"
181;205.5;2;"Iowa";6;47;48;"";"Jul-24";"PPP-2"
182;160.5;4;"Iowa";6;43;44;"";"Jun-10";"Selzer-4"
183;159.0;3;"Iowa";6;46;46;"";"Jun-08";"Civiqs-3"
184;155.5;2;"Iowa";6;47;48;"";"Jun-04";"PPP-2"
185;121.5;2;"Iowa";6;46;48;"";"May-01";"PPP-2"
186;63.5;4;"Iowa";6;41;51;"";"Mar-05";"Selzer-4"
187;21.5;4;"Iowa";6;44;46;"";"Jan-23";"Siena Coll.-4"
188;271.5;4;"Kansas";6;42;52;"";"Sep-29";"Civiqs-4"
189;220.0;5;"Kansas";6;41;48;"";"Aug-09";"SurveyUSA-5"
190;218.5;2;"Kansas";6;43;50;"";"Aug-06";"PPP-2"
191;152.0;3;"Kansas";6;40;52;"";"Jun-01";"Civiqs-3"
192;70.5;2;"Kansas";6;40;52;"";"Mar-11";"PPP-2"
193;33.5;8;"Kansas";6;43;51;"";"Feb-06";"DFM Research-8"
194;256.0;5;"Kentucky";8;38;58;"";"Sep-14";"Quinnipiac U.-5"
195;214.0;5;"Kentucky";8;41;50;"";"Aug-03";"Quinnipiac U.-5"
196;210.5;10;"Kentucky";8;35;59;"";"Aug-02";"Morning Consult-10"
197;166.0;3;"Kentucky";8;37;57;"";"Jun-15";"Civiqs-3"
198;143.5;4;"Kentucky";8;36;53;"";"May-24";"RMG Research-4"
199;135.5;2;"Kentucky";8;39;55;"";"May-15";"PPP-2"
200;2.0;1;"Louisiana";8;38;58;"";"Jan-02";"Election 2016-1"
201;273.5;10;"Maine";4;51;40;"";"Oct-04";"Critical Insights-10"
202;264.0;7;"Maine";4;50;39;"";"Sep-23";"Colby Coll.-7"
203;262.5;4;"Maine";4;51;39;"";"Sep-20";"Suffolk U.-4"
204;257.5;6;"Maine";4;55;38;"";"Sep-16";"Siena Coll.-6"
205;256.0;5;"Maine";4;59;38;"";"Sep-14";"Quinnipiac U.-5"
206;246.0;7;"Maine";4;54;40;"";"Sep-05";"Fabrizio Ward/Hart Research-7"
207;216.0;13;"Maine";4;45;38;"";"Aug-09";"Critical Insights-13"
208;214.0;5;"Maine";4;52;37;"";"Aug-03";"Quinnipiac U.-5"
209;212.0;7;"Maine";4;50;39;"";"Aug-02";"RMG Research-7"
210;205.5;2;"Maine";4;53;42;"";"Jul-24";"PPP-2"
211;203.0;7;"Maine";4;50;38;"";"Jul-24";"Colby College-7"
212;184.5;2;"Maine";4;53;42;"";"Jul-03";"PPP-2"
213;62.5;2;"Maine";4;52;42;"";"Mar-03";"PPP-2"
214;276.0;5;"Maryland";10;61;30;"";"Oct-04";"Goucher College-5"
215;251.5;8;"Maryland";10;62;30;"";"Sep-11";"OpinionWorks-8"
216;142.0;5;"Maryland";10;59;35;"";"May-23";"Gonzales Research-5"
217;47.0;7;"Maryland";10;60;35;"";"Feb-19";"Goucher Coll.-7"
218;239.0;3;"Massachusetts";11;69;31;"";"Aug-27";"Emerson Coll.-3"
219;220.5;4;"Massachusetts";11;63;27;"";"Aug-09";"MassINC-4"
220;216.5;8;"Massachusetts";11;61;28;"";"Aug-07";"YouGov-8"
221;200.5;4;"Massachusetts";11;55;23;"";"Jul-20";"MassINC-4"
222;126.5;2;"Massachusetts";11;67;33;"";"May-06";"Emerson Coll.-2"
223;120.0;5;"Massachusetts";11;58;30;"";"May-01";"U. of Mass.-5"
224;96.5;4;"Massachusetts";11;69;31;"";"Apr-07";"Emerson Coll.-4"
225;280.5;2;"Michigan";16;54;43;"";"Oct-07";"Emerson Coll.-2"
226;279.0;3;"Michigan";16;50;42;"";"Oct-06";"Redfield and Wilton Strategies-3"
227;278.0;9;"Michigan";16;50;43;"";"Oct-08";"Baldwin Wallace U.-9"
228;276.5;8;"Michigan";16;51;43;"";"Oct-06";"Ipsos-8"
229;275.5;4;"Michigan";16;48;39;"";"Oct-03";"Glengariff Group-4"
230;274.5;2;"Michigan";16;50;44;"";"Oct-01";"PPP-2"
231;268.5;4;"Michigan";16;51;42;"";"Sep-26";"Redfield and Wilton Strategies-4"
232;265.0;5;"Michigan";16;52;44;"";"Sep-23";"Marist Coll.-5"
233;260.5;6;"Michigan";16;46;41;"";"Sep-19";"Marketing Resource Grp.-6"
234;259.5;12;"Michigan";16;51;45;"";"Sep-21";"YouGov-12"
235;259.0;15;"Michigan";16;50;42;"";"Sep-22";"Baldwin Wallace U.-15"
236;257.5;6;"Michigan";16;49;44;"";"Sep-16";"Ipsos-6"
237;257.0;3;"Michigan";16;49;39;"";"Sep-14";"Redfield and Wilton Strategies-3"
238;257.0;5;"Michigan";16;53;42;"";"Sep-15";"Civiqs-5"
239;256.5;6;"Michigan";16;48;40;"";"Sep-15";"EPIC-MRA-6"
240;246.5;2;"Michigan";16;53;44;"";"Sep-03";"Pulse Opinion Research-2"
241;246.5;12;"Michigan";16;50;43;"";"Sep-08";"Benenson Strategy/GS Strategy-12"
242;246.0;3;"Michigan";16;47;42;"";"Sep-03";"Glengariff Group-3"
243;245.0;5;"Michigan";16;51;40;"";"Sep-03";"Redfield and Wilton Strategies-5"
244;241.5;2;"Michigan";16;48;44;"";"Aug-29";"PPP-2"
245;238.5;10;"Michigan";16;52;42;"";"Aug-30";"Morning Consult-10"
246;230.0;3;"Michigan";16;50;38;"";"Aug-18";"Redfield and Wilton Strategies-3"
247;228.0;5;"Michigan";16;49;46;"";"Aug-17";"Civiqs-5"
248;214.0;11;"Michigan";16;47;43;"";"Aug-06";"YouGov-11"
249;210.5;2;"Michigan";16;49;43;"";"Jul-29";"PPP-2"
250;209.5;6;"Michigan";16;51;40;"";"Jul-30";"EPIC-MRA-6"
251;204.5;4;"Michigan";16;48;42;"";"Jul-24";"YouGov-4"
252;203.5;6;"Michigan";16;49;37;"";"Jul-24";"Redfield and Wilton Strategies-6"
253;203.5;10;"Michigan";16;52;42;"";"Jul-26";"Morning Consult-10"
254;203.0;7;"Michigan";16;52;40;"";"Jul-24";"SSRS-7"
255;201.0;3;"Michigan";16;49;40;"";"Jul-20";"Fox News-3"
256;191.5;2;"Michigan";16;51;44;"";"Jul-10";"PPP-2"
257;178.5;2;"Michigan";16;50;44;"";"Jun-27";"PPP-2"
258;167.0;3;"Michigan";16;47;36;"";"Jun-16";"Redfield and Wilton Strategies-3"
259;164.5;10;"Michigan";16;47;36;"";"Jun-17";"Siena Coll.-10"
260;162.5;4;"Michigan";16;51;38;"";"Jun-12";"TIPP-4"
261;155.5;8;"Michigan";16;50;35;"";"Jun-07";"Kiaer Research-8"
262;153.0;5;"Michigan";16;53;41;"";"Jun-03";"EPIC-MRA-5"
263;150.5;2;"Michigan";16;50;44;"";"May-30";"PPP-2"
264;139.5;2;"Michigan";16;51;45;"";"May-19";"PPP-2"
265;133.0;5;"Michigan";16;47;39;"";"May-14";"Redfield and Wilton Strategies-5"
266;119.5;2;"Michigan";16;50;42;"";"Apr-29";"PPP-2"
267;111.5;2;"Michigan";16;51;44;"";"Apr-21";"PPP-2"
268;110.5;4;"Michigan";16;49;41;"";"Apr-21";"Fox News-4"
269;108.5;6;"Michigan";16;46;38;"";"Apr-20";"Ipsos-6"
270;81.0;9;"Michigan";16;47;42;"";"Mar-25";"Baldwin Wallace U.-9"
271;78.0;5;"Michigan";16;44;41;"";"Mar-20";"Marketing Resource-5"
272;68.0;3;"Michigan";16;44;46;"";"Mar-09";"AtlasIntel-3"
273;67.0;3;"Michigan";16;45;41;"";"Mar-08";"YouGov-3"
274;66.5;4;"Michigan";16;48;41;"";"Mar-08";"Monmouth U.-4"
275;46.5;10;"Michigan";16;46;43;"";"Feb-20";"YouGov-10"
276;46.0;7;"Michigan";16;47;43;"";"Feb-18";"Quinnipiac U.-7"
277;43.0;13;"Michigan";16;43;43;"";"Feb-18";"Expedition Strategies-13"
278;10.5;4;"Michigan";16;50;44;"";"Jan-12";"EPIC-MRA-4"
279;5.0;5;"Michigan";16;50;43;"";"Jan-07";"Glengariff-5"
280;277.5;6;"Minnesota";10;47;40;"";"Oct-06";"SurveyUSA-6"
281;266.0;3;"Minnesota";10;48;42;"";"Sep-23";"Mason Dixon-3"
282;266.0;5;"Minnesota";10;47;40;"";"Sep-24";"Suffolk U.-5"
283;258.5;6;"Minnesota";10;51;42;"";"Sep-17";"Redfield and Wilton Strategies-6"
284;254.5;6;"Minnesota";10;57;41;"";"Sep-13";"Langer Research-6"
285;254.0;3;"Minnesota";10;50;41;"";"Sep-11";"YouGov-3"
286;253.0;3;"Minnesota";10;50;41;"";"Sep-10";"Siena Coll.-3"
287;252.5;10;"Minnesota";10;48;44;"";"Sep-13";"Morning Consult-10"
288;249.5;4;"Minnesota";10;49;40;"";"Sep-07";"SurveyUSA-4"
289;247.5;2;"Minnesota";10;52;44;"";"Sep-04";"PPP-2"
290;238.5;10;"Minnesota";10;50;43;"";"Aug-30";"Morning Consult-10"
291;222.0;3;"Minnesota";10;51;49;"";"Aug-10";"Emerson Coll.-3"
292;204.5;2;"Minnesota";10;52;42;"";"Jul-23";"PPP-2"
293;203.5;10;"Minnesota";10;47;44;"";"Jul-26";"Morning Consult-10"
294;201.0;3;"Minnesota";10;51;38;"";"Jul-20";"Fox News-3"
295;140.0;3;"Minnesota";10;49;44;"";"May-20";"Mason-Dixon Polling-3"
296;58.0;3;"Mississippi";6;41;56;"";"Feb-28";"Mason-Dixon-3"
297;260.5;2;"Missouri";10;45;53;"";"Sep-17";"Missouri Scout-2"
298;246.0;3;"Missouri";10;44;49;"";"Sep-03";"We Ask America-3"
299;179.0;9;"Missouri";10;43;50;"";"Jul-01";"YouGov-9"
300;147.5;2;"Missouri";10;44;48;"";"May-27";"We Ask America-2"
301;57.5;2;"Missouri";10;42;52;"";"Feb-27";"Remington Research-2"
302;280.0;3;"Montana";3;43;56;"";"Oct-07";"Emerson Coll.-3"
303;259.0;3;"Montana";3;42;49;"";"Sep-16";"Siena Coll.-3"
304;246.0;7;"Montana";3;43;50;"";"Sep-05";"Fabrizio Ward/Hart Research-7"
305;214.0;3;"Montana";3;42;53;"";"Aug-02";"Emerson Coll.-3"
306;205.5;2;"Montana";3;45;50;"";"Jul-24";"PPP-2"
307;194.0;3;"Montana";3;45;49;"";"Jul-13";"Civiqs-3"
308;191.5;2;"Montana";3;42;51;"";"Jul-10";"PPP-2"
309;173.5;10;"Montana";3;38;52;"";"Jun-26";"U. of Montana-10"
310;109.5;18;"Montana";3;40;45;"";"Apr-27";"Montana State U.-18"
311;48.0;11;"Montana";3;34;46;"";"Feb-22";"U. of Montana-11"
312;2.0;1;"Nebraska";5;33;61;"";"Jan-02";"Election 2016-1"
313;278.0;5;"Nevada";6;48;42;"";"Oct-06";"Siena Coll.-5"
314;265.5;4;"Nevada";6;52;41;"";"Sep-23";"Fox News-4"
315;261.5;16;"Nevada";6;46;41;"";"Sep-25";"U. of Nevada-16"
316;253.0;3;"Nevada";6;46;42;"";"Sep-10";"Siena Coll.-3"
317;238.0;11;"Nevada";6;44;39;"";"Aug-30";"U. of Nevada-11"
318;51.0;3;"Nevada";6;44;41;"";"Feb-21";"AtlasIntel-3"
319;6.5;4;"Nevada";6;47;39;"";"Jan-08";"Fox News-4"
320;276.5;4;"New Hampshire";4;53;41;"";"Oct-04";"St. Anselm Coll.-4"
321;274.5;2;"New Hampshire";4;53;45;"";"Oct-01";"Emerson Coll.-2"
322;270.5;4;"New Hampshire";4;53;44;"";"Sep-28";"ARG-4"
323;270.0;5;"New Hampshire";4;53;44;"";"Sep-28";"U. of New Hampshire-5"
324;268.0;3;"New Hampshire";4;56;42;"";"Sep-25";"Pulse Opinion Research-3"
325;265.0;9;"New Hampshire";4;53;44;"";"Sep-25";"U. of Mass.-9"
326;253.5;4;"New Hampshire";4;45;42;"";"Sep-11";"Siena Coll.-4"
327;229.0;3;"New Hampshire";4;51;43;"";"Aug-17";"St. Anselm Coll.-3"
328;204.0;13;"New Hampshire";4;53;40;"";"Jul-28";"U. of New Hampshire-13"
329;172.0;5;"New Hampshire";4;52;39;"";"Jun-22";"U. of New Hampshire-5"
330;166.5;4;"New Hampshire";4;49;42;"";"Jun-16";"St. Anselm College-4"
331;137.0;5;"New Hampshire";4;44;46;"";"May-18";"U. of New Hampshire-5"
332;116.0;5;"New Hampshire";4;50;42;"";"Apr-27";"St. Anselm College-5"
333;53.0;7;"New Hampshire";4;44;46;"";"Feb-25";"U. of New Hampshire-7"
334;40.0;3;"New Hampshire";4;44;46;"";"Feb-10";"AtlasIntel-3"
335;21.5;4;"New Hampshire";4;51;43;"";"Jan-23";"Marist Coll.-4"
336;276.5;6;"New Jersey";14;53;38;"";"Oct-05";"Fairleigh Dickinson U.-6"
337;249.5;4;"New Jersey";14;58;40;"";"Sep-07";"Emerson Coll.-4"
338;222.0;9;"New Jersey";14;52;33;"";"Aug-13";"DKC Analytics-9"
339;191.5;6;"New Jersey";14;51;33;"";"Jul-12";"DKC Analytics-6"
340;123.0;5;"New Jersey";14;54;35;"";"May-04";"Quinnipiac U.-5"
341;118.0;11;"New Jersey";14;56;33;"";"May-02";"Rutgers-Eagleton-11"
342;108.5;4;"New Jersey";14;54;38;"";"Apr-19";"Monmouth U.-4"
343;45.0;5;"New Jersey";14;53;35;"";"Feb-16";"Fairleigh Dickinson U.-5"
344;274.5;2;"New Mexico";5;53;39;"";"Oct-01";"PPP-2"
345;242.5;8;"New Mexico";5;54;39;"";"Sep-02";"Research and Polling-8"
346;164.5;2;"New Mexico";5;53;39;"";"Jun-13";"PPP-2"
347;111.5;2;"New Mexico";5;52;40;"";"Apr-21";"PPP-2"
348;4.5;4;"New Mexico";5;54;46;"";"Jan-06";"Emerson Coll.-4"
349;272.0;3;"New York";29;61;29;"";"Sep-29";"Siena Coll.-3"
350;234.5;2;"New York";29;63;32;"";"Aug-22";"PPP-2"
351;176.0;3;"New York";29;57;32;"";"Jun-25";"Siena Coll.-3"
352;140.0;5;"New York";29;57;32;"";"May-21";"Siena Coll.-5"
353;123.0;5;"New York";29;55;32;"";"May-04";"Quinnipiac U.-5"
354;112.0;5;"New York";29;65;29;"";"Apr-23";"Siena Coll.-5"
355;84.0;5;"New York";29;58;33;"";"Mar-26";"Siena Coll.-5"
356;49.0;5;"New York";29;55;36;"";"Feb-20";"Siena Coll.-5"
357;279.0;3;"North Carolina";15;49;44;"";"Oct-06";"Redfield and Wilton Strategies-3"
358;278.5;2;"North Carolina";15;50;46;"";"Oct-05";"PPP-2"
359;277.0;3;"North Carolina";15;50;47;"";"Oct-04";"East Carolina U.-3"
360;276.5;8;"North Carolina";15;47;47;"";"Oct-06";"Ipsos-8"
361;268.5;4;"North Carolina";15;47;45;"";"Sep-26";"Redfield and Wilton Strategies-4"
362;267.5;4;"North Carolina";15;48;46;"";"Sep-25";"YouGov-4"
363;265.5;8;"North Carolina";15;48;49;"";"Sep-25";"U. of Mass.-8"
364;264.0;5;"North Carolina";15;46;45;"";"Sep-22";"Meredith Coll.-5"
365;262.5;4;"North Carolina";15;44;45;"";"Sep-20";"Harper Polling-4"
366;261.0;3;"North Carolina";15;51;49;"";"Sep-18";"Emerson Coll.-3"
367;257.5;4;"North Carolina";15;47;45;"";"Sep-15";"Redfield and Wilton Strategies-4"
368;257.5;6;"North Carolina";15;45;44;"";"Sep-16";"Siena Coll.-6"
369;257.5;6;"North Carolina";15;47;47;"";"Sep-16";"Ipsos-6"
370;256.5;4;"North Carolina";15;47;43;"";"Sep-14";"Suffolk U.-4"
371;255.0;5;"North Carolina";15;47;47;"";"Sep-13";"SurveyUSA-5"
372;255.0;5;"North Carolina";15;49;46;"";"Sep-13";"SSRS-5"
373;251.5;2;"North Carolina";15;48;49;"";"Sep-08";"Pulse Opinion Research-2"
374;249.5;16;"North Carolina";15;45;43;"";"Sep-13";"Kaiser/Cook-16"
375;246.5;12;"North Carolina";15;48;48;"";"Sep-08";"Benenson Strategy/GS Strategy-12"
376;245.0;5;"North Carolina";15;43;44;"";"Sep-03";"Redfield and Wilton Strategies-5"
377;243.5;4;"North Carolina";15;48;46;"";"Sep-01";"Monmouth U.-4"
378;243.5;4;"North Carolina";15;50;46;"";"Sep-01";"Fox News-4"
379;242.5;2;"North Carolina";15;47;49;"";"Aug-30";"East Carolina U.-2"
380;238.5;10;"North Carolina";15;49;47;"";"Aug-30";"Morning Consult-10"
381;231.5;10;"North Carolina";15;49;46;"";"Aug-23";"Morning Consult-10"
382;229.5;2;"North Carolina";15;44;46;"";"Aug-17";"Redfield and Wilton Strategies-2"
383;225.5;2;"North Carolina";15;47;47;"";"Aug-13";"East Carolina U.-2"
384;222.0;3;"North Carolina";15;49;51;"";"Aug-10";"Emerson Coll.-3"
385;221.0;5;"North Carolina";15;45;44;"";"Aug-10";"Harper Polling-5"
386;219.5;2;"North Carolina";15;47;48;"";"Aug-07";"Pulse Opinion Research-2"
387;212.5;2;"North Carolina";15;49;46;"";"Jul-31";"PPP-2"
388;211.5;4;"North Carolina";15;48;44;"";"Jul-31";"YouGov-4"
389;205.5;2;"North Carolina";15;49;46;"";"Jul-24";"PPP-2"
390;204.0;3;"North Carolina";15;44;40;"";"Jul-23";"Zogby Analytics-3"
391;203.5;10;"North Carolina";15;47;47;"";"Jul-26";"Morning Consult-10"
392;202.0;3;"North Carolina";15;43;42;"";"Jul-21";"Redfield and Wilton Strategies-3"
393;200.0;9;"North Carolina";15;51;44;"";"Jul-22";"Marist Coll.-9"
394;189.5;2;"North Carolina";15;50;46;"";"Jul-08";"PPP-2"
395;175.5;4;"North Carolina";15;45;44;"";"Jun-25";"East Carolina U.-4"
396;174.5;2;"North Carolina";15;48;46;"";"Jun-23";"PPP-2"
397;173.5;4;"North Carolina";15;47;45;"";"Jun-23";"Fox News-4"
398;167.5;4;"North Carolina";15;46;40;"";"Jun-17";"Redfield and Wilton Strategies-4"
399;165.0;11;"North Carolina";15;49;40;"";"Jun-18";"Siena Coll.-11"
400;154.5;2;"North Carolina";15;49;45;"";"Jun-03";"PPP-2"
401;148.0;3;"North Carolina";15;44;47;"";"May-28";"Harper Polling-3"
402;137.5;10;"North Carolina";15;42;42;"";"May-21";"Neighborhood Research and Media-10"
403;133.0;5;"North Carolina";15;45;43;"";"May-14";"Redfield and Wilton Strategies-5"
404;132.0;5;"North Carolina";15;47;47;"";"May-13";"Meeting Street Insights-5"
405;129.0;3;"North Carolina";15;43;46;"";"May-09";"East Carolina University-3"
406;124.0;3;"North Carolina";15;49;46;"";"May-04";"Civiqs-3"
407;118.5;2;"North Carolina";15;47;40;"";"Apr-28";"Meredith College-2"
408;115.5;4;"North Carolina";15;50;45;"";"Apr-26";"SurveyUSA-4"
409;111.5;2;"North Carolina";15;49;46;"";"Apr-21";"PPP-2"
410;105.5;2;"North Carolina";15;48;47;"";"Apr-15";"PPP-2"
411;97.0;3;"North Carolina";15;42;49;"";"Apr-07";"Harper Polling-3"
412;58.5;2;"North Carolina";15;48;46;"";"Feb-28";"East Carolina U.-2"
413;56.0;5;"North Carolina";15;45;49;"";"Feb-27";"Marist Coll.-5"
414;48.0;5;"North Carolina";15;46;44;"";"Feb-19";"Climate Nexus-5"
415;45.5;4;"North Carolina";15;45;49;"";"Feb-16";"WRAL-TV-4"
416;45.5;4;"North Carolina";15;49;45;"";"Feb-16";"SurveyUSA-4"
417;64.0;3;"North Dakota";3;38;55;"";"Mar-05";"DFM Research-3"
418;30.0;5;"North Dakota";3;38;57;"";"Feb-01";"DFM Research-5"
419;278.0;5;"Ohio";18;45;44;"";"Oct-06";"Siena Coll.-5"
420;278.0;9;"Ohio";18;45;47;"";"Oct-08";"Baldwin Wallace U.-9"
421;275.0;3;"Ohio";18;47;47;"";"Oct-02";"YouGov-3"
422;265.5;4;"Ohio";18;50;45;"";"Sep-23";"Fox News-4"
423;263.0;5;"Ohio";18;48;47;"";"Sep-21";"Quinnipiac U.-5"
424;259.0;15;"Ohio";18;45;44;"";"Sep-22";"Baldwin Wallace U.-15"
425;257.0;5;"Ohio";18;45;48;"";"Sep-15";"Civiqs-5"
426;245.5;2;"Ohio";18;51;47;"";"Sep-02";"Pulse Opinion Research-2"
427;238.5;10;"Ohio";18;45;50;"";"Aug-30";"Morning Consult-10"
428;228.0;5;"Ohio";18;47;47;"";"Aug-17";"Civiqs-5"
429;213.0;7;"Ohio";18;47;46;"";"Aug-03";"TargetSmart-7"
430;204.5;4;"Ohio";18;45;46;"";"Jul-24";"YouGov-4"
431;204.0;3;"Ohio";18;43;41;"";"Jul-23";"Zogby Analytics-3"
432;203.5;10;"Ohio";18;45;48;"";"Jul-26";"Morning Consult-10"
433;197.5;2;"Ohio";18;50;46;"";"Jul-16";"Pulse Opinion Research-2"
434;186.5;22;"Ohio";18;46;42;"";"Jul-15";"U. of Akron-22"
435;172.0;5;"Ohio";18;46;45;"";"Jun-22";"Quinnipiac U.-5"
436;152.5;4;"Ohio";18;45;43;"";"Jun-02";"Fox News-4"
437;130.0;3;"Ohio";18;49;51;"";"May-10";"Emerson Coll.-3"
438;113.5;6;"Ohio";18;45;44;"";"Apr-25";"Baldwin Wallace U.-6"
439;81.0;9;"Ohio";18;43;47;"";"Mar-25";"Baldwin Wallace U.-9"
440;72.5;6;"Ohio";18;49;45;"";"Mar-15";"Marist Coll.-6"
441;249.0;7;"Oklahoma";7;35;60;"";"Sep-08";"Sooner Poll-7"
442;155.5;2;"Oklahoma";7;36;55;"";"Jun-04";"Amber Integrated-2"
443;66.5;4;"Oklahoma";7;33;57;"";"Mar-08";"Amber Integrated-4"
444;42.5;4;"Oklahoma";7;34;62;"";"Feb-13";"Cole Hargrave Snodgrass-4"
445;271.5;4;"Oregon";7;56;39;"";"Sep-29";"Civiqs-4"
446;249.5;6;"Oregon";7;51;39;"";"Sep-08";"DHM Research-6"
447;279.0;3;"Pennsylvania";20;49;42;"";"Oct-06";"Redfield and Wilton Strategies-3"
448;278.5;2;"Pennsylvania";20;50;45;"";"Oct-05";"Emerson Coll.-2"
449;278.0;9;"Pennsylvania";20;50;45;"";"Oct-08";"Baldwin Wallace U.-9"
450;277.0;5;"Pennsylvania";20;54;41;"";"Oct-05";"Quinnipiac U.-5"
451;276.0;5;"Pennsylvania";20;54;43;"";"Oct-04";"Monmouth U.-5"
452;276.0;7;"Pennsylvania";20;50;45;"";"Oct-05";"Ipsos-7"
453;275.0;3;"Pennsylvania";20;49;42;"";"Oct-02";"Siena Coll.-3"
454;275.0;3;"Pennsylvania";20;51;44;"";"Oct-02";"YouGov-3"
455;270.0;3;"Pennsylvania";20;49;40;"";"Sep-27";"Siena Coll.-3"
456;269.0;3;"Pennsylvania";20;50;45;"";"Sep-26";"TIPP-3"
457;268.0;3;"Pennsylvania";20;50;44;"";"Sep-25";"Redfield and Wilton Strategies-3"
458;267.5;6;"Pennsylvania";20;54;45;"";"Sep-26";"Langer Research-6"
459;265.5;4;"Pennsylvania";20;51;44;"";"Sep-23";"Fox News-4"
460;261.0;7;"Pennsylvania";20;48;42;"";"Sep-20";"Franklin+Marshall Coll.-7"
461;259.5;12;"Pennsylvania";20;49;45;"";"Sep-21";"YouGov-12"
462;259.0;15;"Pennsylvania";20;47;45;"";"Sep-22";"Baldwin Wallace U.-15"
463;257.5;6;"Pennsylvania";20;49;46;"";"Sep-16";"Ipsos-6"
464;257.0;3;"Pennsylvania";20;49;44;"";"Sep-14";"Redfield and Wilton Strategies-3"
465;257.0;5;"Pennsylvania";20;52;45;"";"Sep-15";"Civiqs-5"
466;253.5;4;"Pennsylvania";20;48;43;"";"Sep-11";"Climate Nexus-4"
467;248.5;4;"Pennsylvania";20;51;44;"";"Sep-06";"TargetSmart-4"
468;247.5;8;"Pennsylvania";20;53;44;"";"Sep-07";"Marist Coll.-8"
469;246.5;12;"Pennsylvania";20;49;46;"";"Sep-08";"Benenson Strategy/GS Strategy-12"
470;245.0;5;"Pennsylvania";20;48;43;"";"Sep-03";"Redfield and Wilton Strategies-5"
471;243.0;5;"Pennsylvania";20;52;44;"";"Sep-01";"Quinnipiac U.-5"
472;242.5;4;"Pennsylvania";20;49;46;"";"Aug-31";"Monmouth U.-4"
473;239.0;3;"Pennsylvania";20;48;48;"";"Aug-27";"Pulse Opinion Research-3"
474;238.5;10;"Pennsylvania";20;49;45;"";"Aug-30";"Morning Consult-10"
475;233.0;7;"Pennsylvania";20;49;42;"";"Aug-23";"Franklin+Marshall Coll.-7"
476;229.5;2;"Pennsylvania";20;48;41;"";"Aug-17";"Redfield and Wilton Strategies-2"
477;228.0;5;"Pennsylvania";20;51;44;"";"Aug-17";"Civiqs-5"
478;227.0;7;"Pennsylvania";20;49;45;"";"Aug-17";"Muhlenberg Coll.-7"
479;222.0;3;"Pennsylvania";20;53;47;"";"Aug-10";"Emerson Coll.-3"
480;218.5;4;"Pennsylvania";20;49;43;"";"Aug-07";"YouGov-4"
481;205.0;7;"Pennsylvania";20;50;41;"";"Jul-26";"Franklin+Marshall Coll.-7"
482;204.0;3;"Pennsylvania";20;44;43;"";"Jul-23";"Zogby Analytics-3"
483;203.5;10;"Pennsylvania";20;50;42;"";"Jul-26";"Morning Consult-10"
484;202.0;3;"Pennsylvania";20;48;41;"";"Jul-21";"Redfield and Wilton Strategies-3"
485;201.0;3;"Pennsylvania";20;50;39;"";"Jul-20";"Fox News-3"
486;197.5;2;"Pennsylvania";20;51;46;"";"Jul-16";"Pulse Opinion Research-2"
487;193.0;5;"Pennsylvania";20;52;42;"";"Jul-13";"Monmouth U.-5"
488;167.0;3;"Pennsylvania";20;49;39;"";"Jun-16";"Redfield and Wilton Strategies-3"
489;164.0;9;"Pennsylvania";20;50;40;"";"Jun-16";"Siena Coll.-9"
490;133.0;5;"Pennsylvania";20;48;39;"";"May-14";"Redfield and Wilton Strategies-5"
491;114.5;6;"Pennsylvania";20;49;43;"";"Apr-26";"Harper Polling-6"
492;111.5;2;"Pennsylvania";20;51;44;"";"Apr-21";"PPP-2"
493;110.5;4;"Pennsylvania";20;50;42;"";"Apr-21";"Fox News-4"
494;108.5;6;"Pennsylvania";20;46;40;"";"Apr-20";"Ipsos-6"
495;81.0;9;"Pennsylvania";20;45;46;"";"Mar-25";"Baldwin Wallace U.-9"
496;67.0;3;"Pennsylvania";20;46;40;"";"Mar-08";"YouGov-3"
497;47.0;9;"Pennsylvania";20;47;47;"";"Feb-20";"Muhlenberg Coll.-9"
498;46.5;10;"Pennsylvania";20;46;45;"";"Feb-20";"YouGov-10"
499;46.0;7;"Pennsylvania";20;50;42;"";"Feb-18";"Quinnipiac U.-7"
500;43.0;13;"Pennsylvania";20;47;42;"";"Feb-18";"Expedition Strategies-13"
501;2.0;1;"Rhode Island";4;55;40;"";"Jan-02";"Election 2016-1"
502;269.0;5;"South Carolina";9;47;48;"";"Sep-27";"Quinnipiac U.-5"
503;267.5;4;"South Carolina";9;42;52;"";"Sep-25";"YouGov-4"
504;259.5;10;"South Carolina";9;44;50;"";"Sep-20";"Morning Consult-10"
505;256.0;5;"South Carolina";9;45;51;"";"Sep-14";"Quinnipiac U.-5"
506;214.0;5;"South Carolina";9;42;47;"";"Aug-03";"Quinnipiac U.-5"
507;210.5;10;"South Carolina";9;44;49;"";"Aug-02";"Morning Consult-10"
508;145.5;4;"South Carolina";9;42;52;"";"May-26";"Civiqs-4"
509;60.5;4;"South Carolina";9;48;52;"";"Mar-02";"Emerson Coll.-4"
510;57.5;4;"South Carolina";9;42;48;"";"Feb-28";"AtlasIntel-4"
511;32.0;3;"South Carolina";9;40;52;"";"Feb-02";"East Carolina U.-3"
512;2.0;1;"South Dakota";3;32;62;"";"Jan-02";"Election 2016-1"
513;134.5;18;"Tennessee";11;42;51;"";"May-22";"SSRS-18"
514;117.5;10;"Tennessee";11;36;53;"";"May-01";"East Tennessee State U.-10"
515;29.0;3;"Tennessee";11;39;55;"";"Jan-30";"Mason-Dixon-3"
516;281.5;2;"Texas";38;50;49;"";"Oct-08";"PPP-2"
517;279.5;2;"Texas";38;44;51;"";"Oct-06";"Pulse Opinion Research-2"
518;278.5;4;"Texas";38;48;48;"";"Oct-06";"Civiqs-4"
519;273.5;10;"Texas";38;45;50;"";"Oct-04";"YouGov-10"
520;269.5;2;"Texas";38;48;48;"";"Sep-26";"PPP-2"
521;265.5;8;"Texas";38;46;50;"";"Sep-25";"U. of Mass.-8"
522;263.0;5;"Texas";38;45;50;"";"Sep-21";"Quinnipiac U.-5"
523;263.0;7;"Texas";38;43;46;"";"Sep-22";"Siena Coll.-7"
524;260.5;4;"Texas";38;46;48;"";"Sep-18";"YouGov-4"
525;245.5;2;"Texas";38;47;48;"";"Sep-02";"PPP-2"
526;243.5;6;"Texas";38;46;48;"";"Sep-02";"U. of Texas-6"
527;238.5;10;"Texas";38;47;48;"";"Aug-30";"Morning Consult-10"
528;234.5;2;"Texas";38;48;47;"";"Aug-22";"PPP-2"
529;221.5;10;"Texas";38;41;48;"";"Aug-13";"YouGov-10"
530;210.5;10;"Texas";38;47;46;"";"Aug-02";"Morning Consult-10"
531;203.5;10;"Texas";38;47;45;"";"Jul-26";"Morning Consult-10"
532;200.0;5;"Texas";38;45;44;"";"Jul-20";"Quinnipiac U.-5"
533;190.5;4;"Texas";38;45;46;"";"Jul-10";"YouGov-4"
534;185.0;9;"Texas";38;48;43;"";"Jul-07";"U. of Texas-9"
535;176.5;2;"Texas";38;48;46;"";"Jun-25";"PPP-2"
536;176.0;11;"Texas";38;44;48;"";"Jun-29";"YouGov-11"
537;173.5;4;"Texas";38;45;44;"";"Jun-23";"Fox News-4"
538;170.5;2;"Texas";38;46;48;"";"Jun-19";"PPP-2"
539;155.5;2;"Texas";38;48;48;"";"Jun-04";"PPP-2"
540;151.0;5;"Texas";38;43;44;"";"Jun-01";"Quinnipiac U.-5"
541;130.0;3;"Texas";38;48;52;"";"May-10";"Emerson Coll.-3"
542;118.5;2;"Texas";38;47;46;"";"Apr-28";"PPP-2"
543;113.5;10;"Texas";38;43;43;"";"Apr-27";"U. of Texas-10"
544;105.5;10;"Texas";38;44;49;"";"Apr-19";"YouGov-10"
545;58.5;8;"Texas";38;43;47;"";"Mar-02";"AtlasIntel-8"
546;56.0;5;"Texas";38;45;49;"";"Feb-27";"Marist Coll.-5"
547;55.0;5;"Texas";38;48;47;"";"Feb-26";"SSRS-5"
548;52.5;10;"Texas";38;44;45;"";"Feb-26";"U. of Texas-10"
549;35.5;10;"Texas";38;43;47;"";"Feb-09";"YouGov-10"
550;25.5;10;"Texas";38;44;46;"";"Jan-30";"U. of Texas-10"
551;18.5;6;"Texas";38;40;54;"";"Jan-21";"Data for Progress-6"
552;14.5;10;"Texas";38;46;51;"";"Jan-19";"Texas Lyceum-10"
553;274.0;9;"Utah";6;40;50;"";"Oct-04";"Y2 Analytics-9"
554;253.5;6;"Utah";6;35;53;"";"Sep-12";"RMG Research-6"
555;211.5;6;"Utah";6;31;50;"";"Aug-01";"RMG Research-6"
556;133.0;7;"Utah";6;41;44;"";"May-15";"Y2 Analytics-7"
557;85.5;10;"Utah";6;41;46;"";"Mar-30";"Y2 Analytics-10"
558;18.5;8;"Utah";6;31;49;"";"Jan-22";"RMG Research-8"
559;253.0;13;"Vermont";3;56;32;"";"Sep-15";"Braun Research-13"
560;259.0;13;"Virginia";13;48;43;"";"Sep-21";"Christopher Newport U.-13"
561;246.0;11;"Virginia";13;53;39;"";"Sep-07";"Virginia Commonwealth U.-11"
562;228.5;14;"Virginia";13;53;39;"";"Aug-22";"Roanoke Coll.-14"
563;203.5;10;"Virginia";13;52;41;"";"Jul-26";"Morning Consult-10"
564;197.0;9;"Virginia";13;50;39;"";"Jul-19";"Virginia Commonwealth U.-9"
565;130.5;14;"Virginia";13;51;39;"";"May-16";"Roanoke Coll.-14"
566;92.0;15;"Virginia";13;51;41;"";"Apr-08";"Virginia Commonwealth U.-15"
567;57.5;4;"Virginia";13;45;38;"";"Feb-28";"Hampton University-4"
568;44.5;10;"Virginia";13;48;40;"";"Feb-18";"Roanoke Coll.-10"
569;255.0;7;"Washington";12;58;36;"";"Sep-14";"Strategies 360-7"
570;206.5;6;"Washington";12;62;28;"";"Jul-27";"SurveyUSA-6"
571;140.5;2;"Washington";12;59;37;"";"May-20";"PPP-2"
572;138.5;4;"Washington";12;57;31;"";"May-19";"SurveyUSA-4"
573;94.0;7;"Washington";12;52;39;"";"Apr-06";"EMC Research-7"
574;65.0;3;"Washington";12;57;34;"";"Mar-06";"SurveyUSA-3"
575;273.5;2;"West Virginia";5;38;56;"";"Sep-30";"Triton Polling and Res.-2"
576;279.5;4;"Wisconsin";10;51;41;"";"Oct-07";"Redfield and Wilton Strategies-4"
577;278.0;9;"Wisconsin";10;49;43;"";"Oct-08";"Baldwin Wallace U.-9"
578;276.0;5;"Wisconsin";10;47;42;"";"Oct-04";"Marquette Law School-5"
579;276.0;7;"Wisconsin";10;50;44;"";"Oct-05";"Ipsos-7"
580;269.0;5;"Wisconsin";10;48;43;"";"Sep-27";"Redfield and Wilton Strategies-5"
581;266.0;5;"Wisconsin";10;54;44;"";"Sep-24";"Marist Coll.-5"
582;259.5;12;"Wisconsin";10;50;46;"";"Sep-21";"YouGov-12"
583;259.0;15;"Wisconsin";10;50;41;"";"Sep-22";"Baldwin Wallace U.-15"
584;258.0;5;"Wisconsin";10;47;41;"";"Sep-16";"Redfield and Wilton Strategies-5"
585;257.5;6;"Wisconsin";10;48;43;"";"Sep-16";"Ipsos-6"
586;257.0;5;"Wisconsin";10;51;44;"";"Sep-15";"Civiqs-5"
587;255.0;5;"Wisconsin";10;52;42;"";"Sep-13";"SSRS-5"
588;254.5;6;"Wisconsin";10;52;46;"";"Sep-13";"Langer Research-6"
589;253.0;3;"Wisconsin";10;48;43;"";"Sep-10";"Siena Coll.-3"
590;251.0;3;"Wisconsin";10;51;44;"";"Sep-08";"Emerson Coll.-3"
591;249.5;10;"Wisconsin";10;50;43;"";"Sep-10";"Morning Consult-10"
592;247.0;3;"Wisconsin";10;50;44;"";"Sep-04";"YouGov-3"
593;246.5;12;"Wisconsin";10;50;45;"";"Sep-08";"Benenson Strategy/GS Strategy-12"
594;245.5;2;"Wisconsin";10;51;43;"";"Sep-02";"Pulse Opinion Research-2"
595;245.5;6;"Wisconsin";10;50;41;"";"Sep-04";"Redfield and Wilton Strategies-6"
596;245.0;5;"Wisconsin";10;48;44;"";"Sep-03";"Marquette Law School-5"
597;243.5;4;"Wisconsin";10;50;42;"";"Sep-01";"Fox News-4"
598;238.5;10;"Wisconsin";10;52;43;"";"Aug-30";"Morning Consult-10"
599;237.5;8;"Wisconsin";10;53;40;"";"Aug-28";"Opinium-8"
600;230.5;4;"Wisconsin";10;49;39;"";"Aug-19";"Redfield and Wilton Strategies-4"
601;228.0;5;"Wisconsin";10;51;45;"";"Aug-17";"Civiqs-5"
602;224.5;10;"Wisconsin";10;49;43;"";"Aug-16";"Morning Consult-10"
603;219.5;6;"Wisconsin";10;50;46;"";"Aug-09";"Marquette Law School-6"
604;218.5;2;"Wisconsin";10;55;43;"";"Aug-06";"Pulse Opinion Research-2"
605;218.5;4;"Wisconsin";10;48;42;"";"Aug-07";"YouGov-4"
606;203.5;6;"Wisconsin";10;45;35;"";"Jul-24";"Redfield and Wilton Strategies-6"
607;203.5;10;"Wisconsin";10;50;43;"";"Jul-26";"Morning Consult-10"
608;168.5;6;"Wisconsin";10;45;36;"";"Jun-19";"Redfield and Wilton Strategies-6"
609;168.0;5;"Wisconsin";10;51;42;"";"Jun-18";"Marquette Law School-5"
610;163.5;8;"Wisconsin";10;49;38;"";"Jun-15";"Siena Coll.-8"
611;152.5;4;"Wisconsin";10;49;40;"";"Jun-02";"Fox News-4"
612;133.0;5;"Wisconsin";10;48;38;"";"May-14";"Redfield and Wilton Strategies-5"
613;126.0;5;"Wisconsin";10;46;43;"";"May-07";"Marquette Law School-5"
614;111.5;2;"Wisconsin";10;50;45;"";"Apr-21";"PPP-2"
615;108.5;6;"Wisconsin";10;43;40;"";"Apr-20";"Ipsos-6"
616;86.5;6;"Wisconsin";10;48;45;"";"Mar-29";"Marquette Law School-6"
617;81.0;9;"Wisconsin";10;45;45;"";"Mar-25";"Baldwin Wallace U.-9"
618;70.5;2;"Wisconsin";10;48;45;"";"Mar-11";"PPP-2"
619;67.0;3;"Wisconsin";10;44;42;"";"Mar-08";"YouGov-3"
620;52.0;5;"Wisconsin";10;46;46;"";"Feb-23";"Marquette Law School-5"
621;46.5;10;"Wisconsin";10;45;43;"";"Feb-20";"YouGov-10"
622;46.0;7;"Wisconsin";10;42;49;"";"Feb-18";"Quinnipiac U.-7"
623;43.0;13;"Wisconsin";10;42;44;"";"Feb-18";"Expedition Strategies-13"
624;10.0;5;"Wisconsin";10;49;45;"";"Jan-12";"Marquette Law School-5"
625;6.5;4;"Wisconsin";10;46;41;"";"Jan-08";"Fox News-4"
626;2.0;1;"Wyoming";3;23;70;"";"Jan-02";"Election 2016-1"
